resistance,vitesse,satiete,vision,time_lived
1.336,2.047,0.794,2.597,1137.0
0.08,0.131,-0.88,0.184,475.0
0.243,-0.017,0.171,0.033,162.0
-0.785,-0.346,0.91,-0.365,415.0
2.17,1.994,-0.778,1.811,1169.0
-0.6,-0.19,-0.953,0.288,190.0
-2.0,1.152,1.097,2.138,177.0
-0.829,0.13,-1.757,1.626,501.0
-1.458,-1.122,0.183,-0.114,310.0
0.727,1.624,0.661,0.931,802.0
2.347,1.788,1.423,-0.112,994.0
-0.953,0.979,0.671,0.971,320.0
-0.082,0.412,1.758,1.882,233.0
-0.273,1.833,1.53,1.504,760.0
-0.191,1.32,-1.074,1.066,228.0
-1.852,1.262,-0.338,0.748,161.0
1.151,2.042,-0.9,0.458,423.0
0.038,1.14,-0.755,1.253,789.0
-0.139,0.964,0.233,0.582,498.0
1.351,0.993,0.796,2.022,518.0
-0.264,1.473,-0.669,0.844,685.0
-0.501,0.745,1.302,2.192,553.0
-0.228,0.086,-0.018,-1.019,74.0
0.989,-0.489,-0.777,1.496,333.0
1.103,0.16,-0.423,0.628,819.0
-0.124,0.309,-1.343,0.783,367.0
-1.895,-0.606,-0.273,-0.905,89.0
-0.299,1.113,0.503,1.253,379.0
-1.067,2.231,0.285,-0.765,82.0
-0.089,0.437,1.786,1.623,704.0
0.303,1.219,-0.41,-0.649,435.0
-0.368,0.375,1.613,0.56,865.0
0.038,0.836,-0.286,2.364,463.0
0.911,2.77,1.241,1.974,1516.0
-0.386,1.102,1.367,1.435,308.0
-1.66,1.274,1.659,0.115,140.0
-1.175,1.545,-2.333,0.456,417.0
-1.162,1.213,1.067,-0.162,461.0
-0.662,2.569,-0.329,2.092,766.0
-0.085,0.984,2.217,1.374,829.0
0.103,0.391,1.109,2.175,676.0
-0.533,1.086,0.317,2.079,582.0
0.429,1.158,-0.702,1.342,411.0
0.327,1.981,-0.157,4.611,727.0
0.622,1.636,-1.66,-0.424,329.0
0.929,2.388,-1.238,1.249,932.0
-0.88,1.884,1.107,0.591,599.0
-0.832,0.403,1.091,1.811,344.0
-0.942,-0.652,-0.044,0.232,423.0
1.339,0.998,-1.419,1.578,300.0
0.761,-0.052,0.262,1.061,477.0
-0.885,0.859,-0.203,-1.178,77.0
0.709,1.623,-0.686,-0.101,636.0
-0.073,0.107,0.575,-0.327,223.0
-2.0,0.109,-0.348,1.177,177.0
-0.646,-0.086,0.146,0.787,354.0
0.005,-0.028,-0.633,1.496,235.0
-0.123,1.757,-0.675,-0.122,323.0
-0.766,1.568,-0.567,1.058,214.0
-0.989,2.461,-0.528,0.099,101.0
-1.171,0.349,-1.238,2.781,204.0
0.489,1.539,-0.557,0.908,562.0
-0.797,1.176,0.604,-0.306,247.0
0.647,2.618,0.923,-0.434,647.0
0.546,0.933,1.297,0.921,575.0
-0.648,2.205,-0.462,0.278,141.0
0.691,3.653,0.255,2.007,1097.0
2.464,1.639,-0.191,1.264,721.0
0.768,1.807,-0.146,1.693,549.0
-0.8,0.354,0.262,0.662,435.0
-0.447,0.902,-0.116,0.664,223.0
1.365,-0.331,0.59,1.822,264.0
1.371,0.152,-0.864,1.222,263.0
-0.758,1.222,1.456,0.338,339.0
-0.475,-0.323,2.157,2.478,711.0
0.027,1.34,0.353,0.701,685.0
0.043,0.126,0.551,1.99,650.0
0.84,0.201,0.156,0.375,463.0
0.15,1.911,0.357,-0.479,308.0
-0.769,2.369,0.019,1.265,517.0
-1.354,1.844,0.804,-0.45,76.0
0.929,2.47,-0.0,0.839,490.0
-0.559,1.189,0.009,0.193,344.0
0.226,1.215,0.856,2.22,238.0
-0.264,0.907,-0.242,0.474,460.0
-0.119,1.215,-0.191,-0.698,349.0
-1.006,0.378,-0.882,1.348,209.0
1.148,1.175,2.107,1.291,226.0
-0.474,0.895,1.511,2.981,489.0
0.211,2.467,-0.076,1.127,838.0
1.055,2.995,-0.82,-0.185,497.0
-1.677,2.157,0.616,0.015,155.0
1.386,2.083,-1.194,1.159,707.0
0.433,0.634,-0.38,1.275,667.0
1.5,2.647,1.629,0.628,840.0
-1.77,2.137,-0.318,2.014,153.0
0.797,1.481,0.38,2.007,248.0
0.411,2.271,0.528,1.01,673.0
0.901,2.34,-1.028,1.543,509.0
0.149,0.531,0.704,1.429,482.0
-1.256,1.141,1.396,1.001,158.0
-0.711,0.537,-0.7,0.846,501.0
0.979,1.587,0.194,2.829,718.0
1.727,0.182,0.159,0.944,717.0
-0.392,2.167,-0.544,-0.708,84.0
-0.537,2.0,0.092,1.597,219.0
0.197,0.487,1.4,0.857,239.0
-0.116,1.027,1.921,0.885,409.0
0.837,1.278,0.263,2.242,250.0
-1.473,1.569,0.589,0.684,122.0
-0.279,1.158,0.477,1.116,316.0
1.219,0.977,1.42,0.761,258.0
1.853,1.183,1.055,1.781,676.0
0.86,1.162,0.023,1.708,572.0
-0.084,1.897,1.463,1.505,732.0
0.256,1.517,-1.751,-0.933,120.0
0.3,0.785,-2.134,0.894,240.0
-0.583,-0.264,-0.821,-0.679,278.0
0.346,-0.447,-1.191,2.002,702.0
-1.297,0.478,-1.188,1.38,575.0
1.32,0.76,0.636,0.923,743.0
1.91,0.658,0.415,1.083,374.0
-0.496,1.736,-0.325,1.825,538.0
-0.093,1.25,-0.159,0.808,171.0
-0.828,2.898,-1.388,0.554,289.0
0.529,1.769,-0.89,-0.515,97.0
0.548,1.444,-1.202,1.05,576.0
-0.312,1.035,0.215,1.746,583.0
-0.312,0.282,-0.184,1.149,552.0
0.734,1.149,1.024,0.44,288.0
0.465,-0.033,0.213,2.389,446.0
0.789,0.587,0.476,1.909,373.0
-1.153,-0.029,0.17,4.829,290.0
-0.288,-0.028,0.378,-0.923,140.0
0.213,0.83,-1.34,1.044,213.0
-1.245,1.982,-0.027,2.162,373.0
-0.197,-0.03,0.224,1.074,762.0
1.35,1.335,-0.6,2.402,352.0
0.801,1.08,0.606,-0.42,398.0
-0.183,2.628,-0.286,2.428,829.0
-1.001,1.067,-0.91,0.774,122.0
-0.412,2.16,-0.972,1.745,195.0
2.422,1.474,1.384,2.031,392.0
1.382,0.807,-0.05,-0.731,144.0
-1.32,0.506,1.244,2.805,199.0
0.923,0.975,-1.376,0.285,175.0
0.785,-0.15,-0.279,-0.098,176.0
0.091,-0.935,-0.489,-0.052,475.0
-0.059,-1.519,0.161,0.112,522.0
-2.0,0.732,-1.317,1.148,147.0
0.688,0.868,0.119,0.105,590.0
1.467,1.204,-0.636,1.951,756.0
1.337,-0.393,2.08,1.424,833.0
-1.443,-0.247,1.074,0.967,252.0
-0.216,2.61,-1.823,2.543,753.0
0.109,1.669,0.113,0.567,248.0
0.778,-0.745,0.176,1.861,608.0
0.146,-0.779,0.985,1.066,240.0
-0.684,0.643,1.229,0.569,490.0
0.882,1.007,0.377,-0.218,314.0
2.583,1.841,-0.898,-0.088,677.0
-0.763,1.683,0.421,-0.245,421.0
-1.02,1.943,-1.197,-0.008,319.0
-0.044,-0.145,-0.996,-0.363,419.0
1.069,2.686,0.152,-0.434,491.0
1.205,2.321,-0.452,2.239,446.0
1.084,1.644,0.444,-0.582,602.0
0.417,0.267,1.061,0.887,644.0
-0.027,1.596,-0.261,0.522,745.0
-1.778,1.583,0.037,0.912,147.0
-0.066,0.856,-0.379,1.721,595.0
-0.755,2.273,-0.404,1.631,454.0
-0.362,2.104,1.018,0.259,257.0
0.038,0.359,0.77,-0.14,530.0
-0.603,1.643,-1.74,2.155,218.0
-0.322,1.801,-0.262,0.012,472.0
-0.884,2.018,0.109,1.773,259.0
0.231,1.568,0.729,0.069,680.0
1.031,0.613,0.131,2.51,986.0
-0.838,1.978,-0.884,0.334,462.0
-0.168,-0.717,-1.325,0.053,360.0
0.956,-1.631,1.826,1.205,413.0
-0.602,2.328,0.637,-0.658,295.0
-2.0,-1.535,1.711,0.629,177.0
2.201,0.376,0.097,-1.422,215.0
0.657,-0.25,-0.125,2.577,250.0
0.154,0.761,0.602,1.931,634.0
-1.07,0.727,-0.459,2.856,494.0
0.223,-1.784,-0.845,-0.163,244.0
-0.842,0.775,-0.09,1.319,417.0
-0.437,0.427,0.94,2.015,375.0
-0.559,1.195,1.589,0.888,341.0
0.126,0.555,0.535,1.753,221.0
2.42,2.289,-0.575,-0.017,448.0
-0.634,1.224,0.146,0.783,178.0
-0.499,-0.307,2.782,2.58,223.0
0.062,1.501,-1.559,-0.654,162.0
-1.161,2.585,0.214,0.776,397.0
0.916,0.106,0.131,1.606,369.0
-1.91,2.374,1.081,1.606,141.0
0.652,3.284,0.77,0.832,679.0
-0.001,0.267,0.515,0.218,474.0
-1.534,1.325,-1.384,1.575,175.0
1.453,0.83,-1.762,1.678,262.0
1.298,1.766,-0.29,1.987,751.0
-0.362,1.601,-0.172,0.405,381.0
0.684,3.176,1.502,2.354,992.0
0.5,0.746,-0.776,0.762,611.0
2.808,0.169,0.525,1.02,286.0
-0.082,0.605,1.194,0.019,189.0
1.058,0.666,0.771,0.712,424.0
-1.437,-0.042,-0.755,2.442,196.0
1.152,0.889,-0.431,-0.571,228.0
-0.001,0.612,0.297,1.534,528.0
-0.766,2.319,0.181,0.021,150.0
1.408,1.997,0.553,2.465,488.0
-0.853,2.19,0.328,1.76,381.0
-0.279,0.606,-1.791,1.519,211.0
-0.874,-0.65,0.516,2.565,251.0
1.522,-0.116,0.667,1.763,553.0
-0.528,2.436,-0.374,1.479,395.0
-0.383,0.741,-0.002,-0.218,544.0
-1.725,1.382,-0.181,1.309,174.0
0.367,0.287,1.255,-0.427,406.0
1.854,1.531,0.013,1.036,503.0
0.415,1.936,-0.011,-0.278,591.0
-0.548,-0.61,1.052,2.365,379.0
0.519,-0.025,-0.855,0.329,270.0
-0.108,0.977,0.487,0.707,315.0
-0.296,0.804,0.527,-0.962,279.0
0.608,0.335,0.364,1.042,528.0
0.781,1.58,-1.763,1.553,722.0
2.097,1.617,2.025,0.076,572.0
-0.989,-0.137,0.2,1.739,210.0
0.029,-0.547,0.455,1.228,503.0
0.873,1.995,1.943,2.417,1250.0
-1.159,1.212,0.717,2.251,199.0
1.515,0.435,-1.265,0.798,578.0
1.723,0.605,-1.487,1.749,475.0
-1.849,3.047,-0.779,1.274,213.0
-0.113,1.251,0.504,1.753,750.0
0.141,0.982,-0.378,2.388,840.0
0.786,-0.246,1.138,1.282,586.0
-0.84,2.015,-0.335,1.604,356.0
-0.005,-0.522,0.446,0.798,236.0
-0.711,0.505,-1.307,1.721,385.0
1.49,1.654,0.02,0.442,558.0
0.14,1.233,-0.046,1.708,354.0
-0.064,1.87,0.571,1.343,682.0
-0.749,1.489,-0.592,1.679,184.0
-1.193,1.393,0.676,2.029,254.0
0.551,1.265,-0.236,0.362,293.0
0.505,0.031,-0.161,0.338,604.0
-0.559,1.552,0.647,1.034,304.0
0.394,-0.395,0.476,1.468,245.0
0.542,1.878,1.171,1.926,896.0
-0.039,1.798,0.808,3.623,1251.0
-0.545,0.883,-1.518,1.324,220.0
-0.732,1.416,1.878,0.993,215.0
1.651,1.278,-0.007,1.519,853.0
-0.369,0.131,0.438,1.393,342.0
0.815,-0.509,0.342,0.325,462.0
-0.243,-0.266,-1.405,-0.503,190.0
-0.122,1.888,-0.017,0.842,675.0
-0.021,1.282,-0.212,1.159,307.0
-0.661,-1.048,0.991,1.36,377.0
-0.778,2.557,-1.067,0.196,430.0
-0.668,1.22,0.965,2.364,192.0
2.246,0.904,0.633,0.436,248.0
-0.059,1.897,1.286,3.278,414.0
-1.261,1.227,-1.451,1.74,201.0
-0.538,0.077,-0.12,0.202,488.0
-0.315,0.715,0.724,-0.913,130.0
0.106,0.945,1.806,-0.47,148.0
-1.27,0.804,-0.054,0.325,171.0
0.176,2.495,1.557,1.215,789.0
-0.818,1.85,-0.301,0.697,274.0
1.403,2.038,0.096,0.588,567.0
1.006,0.854,0.029,1.287,254.0
0.693,0.349,-0.368,1.408,355.0
0.118,0.993,0.002,0.891,293.0
1.597,0.154,0.436,2.232,596.0
-0.226,1.391,0.49,1.083,553.0
1.224,0.858,0.574,1.205,377.0
0.463,0.307,-0.153,1.576,686.0
0.194,2.964,0.578,0.325,586.0
0.98,1.425,2.218,0.832,1003.0
-0.455,0.455,-0.044,0.704,326.0
0.734,1.662,-1.123,1.427,483.0
-1.103,0.716,2.132,1.528,349.0
-0.097,1.313,0.032,1.558,388.0
-0.01,1.92,1.907,-0.77,315.0
1.94,0.759,1.449,-1.07,364.0
0.582,0.052,0.33,0.2,286.0
0.548,0.779,2.209,1.776,845.0
0.216,-0.138,0.8,0.829,414.0
-0.296,-1.353,0.256,1.114,230.0
-0.591,2.317,1.482,-0.417,294.0
-0.784,0.303,-0.152,2.025,477.0
1.733,1.266,-0.098,0.623,298.0
-2.0,0.114,0.67,1.73,171.0
-0.882,2.371,1.137,1.008,337.0
0.225,0.67,1.296,-0.433,213.0
0.843,0.911,0.308,1.386,392.0
0.35,-0.197,-1.794,2.248,484.0
-0.801,0.73,0.267,0.245,354.0
-0.027,0.33,-0.77,0.525,234.0
0.82,1.528,-1.796,0.634,414.0
0.458,1.711,1.785,0.679,396.0
0.578,-0.72,0.197,1.224,250.0
-1.081,-0.068,-0.358,1.891,335.0
0.817,0.134,1.361,0.092,453.0
0.98,1.953,0.494,2.162,827.0
-0.799,2.602,-1.606,0.433,277.0
-0.611,-0.281,-0.199,0.233,289.0
-1.263,0.276,-2.333,1.233,201.0
-1.292,0.139,0.474,1.767,177.0
1.009,1.818,1.508,0.739,485.0
-1.508,1.857,0.132,-0.158,140.0
0.931,1.937,-0.377,1.974,636.0
0.01,0.345,-0.56,1.334,520.0
-0.114,1.981,1.171,1.788,586.0
-0.713,0.884,-0.268,1.869,318.0
2.432,1.145,-0.419,0.692,239.0
-0.139,-0.137,0.371,0.7,220.0
1.13,1.028,-0.305,-0.397,305.0
-1.039,1.24,-0.622,1.674,312.0
0.137,0.957,3.065,1.467,591.0
0.546,1.442,-1.935,1.649,244.0
-1.251,0.412,-1.223,0.965,177.0
-0.781,0.643,0.651,-0.557,264.0
-0.46,1.285,1.152,0.835,374.0
1.369,2.484,1.113,-1.532,91.0
-1.236,2.95,-0.879,-0.191,230.0
0.157,0.295,1.869,0.754,343.0
-0.121,1.833,0.16,1.788,303.0
1.444,1.218,-0.088,-0.412,497.0
-0.276,1.393,0.702,1.138,449.0
-0.475,1.858,-1.045,3.102,221.0
-0.865,-0.053,0.014,1.526,213.0
0.064,1.407,-1.423,0.405,270.0
-0.28,1.632,0.349,1.589,483.0
0.109,0.81,-0.374,-0.398,295.0
-1.572,1.311,-0.072,-0.537,146.0
-0.517,1.759,0.352,1.52,478.0
-0.964,0.805,-0.26,1.593,248.0
-1.218,1.001,0.614,0.262,221.0
0.035,-0.886,-2.333,1.372,370.0
0.299,1.507,-1.123,-0.537,193.0
-1.01,1.276,-0.42,-1.065,82.0
0.435,1.409,-0.353,0.877,412.0
-0.01,0.58,0.565,0.577,390.0
-1.287,-0.382,1.864,0.53,201.0
-1.519,2.79,-0.992,-0.465,256.0
0.553,0.267,-0.138,0.446,421.0
0.046,0.518,0.807,2.471,682.0
-0.654,0.847,0.017,0.161,280.0
0.632,1.545,-0.76,0.836,733.0
1.27,-0.111,-1.236,0.668,486.0
-0.731,-0.107,0.327,-0.618,341.0
0.239,1.611,1.295,0.217,677.0
-1.233,1.946,-1.451,2.265,264.0
1.402,1.379,-0.285,1.889,689.0
1.116,0.471,-2.333,1.315,482.0
-1.243,1.458,0.075,1.09,201.0
-0.243,-1.739,-0.096,1.521,465.0
-0.628,0.708,1.502,1.835,478.0
-0.301,-0.478,-0.851,1.737,428.0
1.029,2.861,0.055,0.672,605.0
-0.291,0.789,1.655,2.424,382.0
0.766,1.086,0.122,2.254,431.0
-0.069,2.491,2.296,2.212,634.0
0.118,3.248,1.858,1.388,837.0
-0.546,-0.308,0.747,2.061,222.0
0.143,-0.761,1.131,0.566,196.0
1.93,3.1,0.712,2.475,728.0
1.688,1.967,1.433,1.464,949.0
0.759,1.843,-0.84,-0.649,388.0
0.795,0.174,0.461,-1.507,385.0
-0.244,1.498,0.757,1.598,687.0
-0.106,1.462,0.252,3.141,408.0
1.797,2.15,-0.0,-0.659,314.0
1.257,3.114,-0.948,-0.873,220.0
1.799,0.559,-0.137,0.673,441.0
-0.0,0.559,0.151,0.502,161.0
-0.94,0.255,-1.188,2.489,211.0
0.69,1.365,-1.304,1.731,718.0
2.43,3.387,0.127,2.635,989.0
2.273,0.971,0.119,0.754,739.0
1.102,0.482,-0.014,0.979,308.0
-0.329,2.008,-0.496,-0.127,529.0
-0.523,2.723,1.116,0.838,390.0
0.998,1.999,0.85,2.154,250.0
-0.119,0.473,0.251,3.065,769.0
0.043,0.003,0.177,-0.118,135.0
-0.36,0.97,-1.019,2.051,460.0
-0.408,1.729,-1.67,-0.489,179.0
0.408,1.856,-0.812,-0.75,305.0
-0.872,0.849,0.454,0.982,480.0
-0.951,3.801,-0.231,1.843,690.0
0.007,0.871,-0.512,0.77,638.0
0.729,1.023,0.687,0.824,756.0
-0.284,0.381,-0.979,2.874,329.0
1.25,0.591,1.835,0.028,209.0
0.935,0.832,0.485,1.651,253.0
-0.377,1.512,1.518,0.739,574.0
0.734,1.076,1.21,0.61,308.0
-2.0,1.844,0.519,1.44,176.0
0.991,0.368,0.881,-0.437,297.0
-0.301,1.552,1.083,0.132,489.0
0.345,1.345,0.451,0.819,240.0
0.512,0.282,1.178,1.636,736.0
0.968,0.752,-0.506,2.137,467.0
-0.05,1.304,-0.756,1.756,335.0
0.046,0.051,-0.425,1.383,236.0
1.084,0.2,-0.276,1.419,465.0
0.472,1.518,-0.993,1.06,218.0
0.876,-0.022,-0.51,1.163,235.0
0.13,1.347,-1.1,-0.176,201.0
0.741,1.039,-0.665,2.265,571.0
0.471,-0.49,-0.284,-0.113,179.0
1.789,0.723,-0.602,3.521,358.0
-0.071,2.337,-2.333,1.213,694.0
-0.181,-1.149,-1.435,-0.2,475.0
-1.198,1.269,0.417,1.869,359.0
1.664,1.926,-0.432,1.603,639.0
0.918,1.569,-0.981,1.601,238.0
0.582,0.861,-0.524,0.111,423.0
0.756,-0.266,-2.333,2.266,502.0
0.012,0.456,0.457,0.449,609.0
0.026,2.042,0.617,-1.051,180.0
0.974,1.342,-0.131,2.25,673.0
-0.796,3.053,0.032,-0.042,156.0
-0.806,1.863,0.584,-0.057,355.0
-0.409,1.608,0.68,1.705,338.0
0.881,3.207,0.488,0.047,580.0
0.722,1.401,0.196,1.628,247.0
2.359,1.363,-0.374,1.837,613.0
-0.472,1.947,0.79,1.842,368.0
0.678,0.118,1.204,1.871,390.0
1.398,1.083,-0.225,0.808,260.0
0.209,-0.432,-1.794,2.323,319.0
-1.913,1.396,0.702,1.599,180.0
-1.374,0.516,0.327,1.679,230.0
-1.01,-0.126,0.089,1.795,348.0
0.186,2.533,1.351,1.594,1043.0
1.457,0.015,-2.333,0.715,359.0
1.031,2.499,-0.804,-0.518,117.0
0.181,1.286,-0.515,1.7,343.0
-0.573,-0.873,0.3,1.106,659.0
-0.283,1.051,0.079,-0.008,428.0
1.489,-0.419,0.376,0.42,715.0
-0.116,1.454,0.715,-0.28,449.0
-1.096,2.739,0.979,0.957,448.0
1.62,2.622,-1.783,1.831,716.0
2.286,2.189,1.473,1.771,954.0
0.118,0.484,0.837,0.783,693.0
-0.145,1.778,-0.196,1.581,528.0
1.0,1.26,-2.062,0.413,196.0
-1.883,0.236,1.513,1.786,181.0
0.403,1.376,-0.858,3.0,337.0
1.967,0.922,-0.332,0.041,428.0
-0.441,-0.013,-0.902,1.957,630.0
-0.631,0.724,-2.333,1.748,441.0
-0.475,2.984,-0.12,0.888,726.0
-1.136,0.958,-0.441,1.154,204.0
0.639,1.474,0.705,1.694,245.0
-0.709,2.331,1.378,0.973,549.0
-1.692,-0.121,-0.829,1.567,188.0
0.064,0.5,1.504,1.208,403.0
0.893,1.045,-0.923,-0.291,460.0
-0.184,1.246,-0.747,1.137,229.0
0.362,1.245,-0.188,0.547,231.0
-0.501,0.779,-0.026,-0.698,276.0
-1.625,0.749,-0.309,0.559,201.0
0.898,1.068,-0.236,-0.865,350.0
0.571,0.68,1.485,0.493,323.0
0.964,0.34,0.039,3.39,701.0
-0.618,2.865,0.497,-0.722,291.0
-0.365,0.96,1.357,2.834,225.0
0.178,1.907,0.642,1.574,235.0
-1.93,1.087,-0.869,1.277,106.0
0.658,1.21,0.724,1.367,246.0
-0.325,1.644,-0.593,1.902,439.0
0.132,1.389,-0.557,0.833,642.0
-0.54,1.193,-0.225,1.165,343.0
0.52,1.581,0.077,0.88,769.0
0.564,0.819,-0.47,0.878,404.0
-0.228,2.906,-0.606,-0.222,642.0
0.696,2.814,-0.291,0.829,768.0
0.353,0.831,0.937,1.688,241.0
1.702,0.391,-0.229,1.834,629.0
0.173,1.693,0.266,0.985,628.0
-0.156,-0.194,0.45,1.443,232.0
-1.285,1.424,-0.432,1.034,211.0
0.805,0.339,1.231,1.516,251.0
0.898,1.212,-1.116,0.79,183.0
-0.54,2.2,-0.373,1.03,458.0
1.023,1.474,0.297,1.818,367.0
-0.572,-0.595,-1.133,-1.571,70.0
-1.259,2.312,-0.46,1.917,480.0
0.255,-0.371,0.31,1.199,666.0
0.608,2.867,-0.703,1.8,808.0
-0.355,0.808,0.684,2.037,225.0
-0.994,-0.933,1.942,0.55,395.0
0.89,0.522,-0.044,1.636,648.0
-0.32,1.153,0.844,0.316,436.0
0.567,1.634,-0.785,1.168,558.0
-0.981,1.621,0.317,-0.314,319.0
-2.0,0.991,0.338,1.344,177.0
-0.054,0.412,-0.299,1.948,348.0
0.135,2.729,-0.497,1.754,624.0
-2.0,-0.824,0.58,1.378,177.0
0.198,0.766,-0.238,-0.336,633.0
1.112,0.929,-0.513,1.451,343.0
-0.073,-0.614,-0.525,-0.086,447.0
0.89,-0.164,-1.203,-0.129,431.0
0.429,0.074,0.645,2.319,391.0
-0.459,-0.779,0.991,1.991,707.0
-1.517,1.075,-0.473,0.541,192.0
-0.8,0.479,-0.937,0.926,440.0
-1.295,1.503,0.409,0.282,148.0
-2.0,0.981,2.227,0.477,123.0
-0.47,2.347,-0.172,1.949,584.0
-0.836,-0.629,0.059,1.881,215.0
0.293,1.893,-0.161,-1.178,167.0
-0.689,1.248,0.408,2.399,828.0
0.815,0.799,0.679,0.858,824.0
-0.144,0.297,2.161,-0.146,261.0
-0.64,0.618,0.28,2.115,356.0
-1.232,1.183,0.071,0.461,439.0
-1.264,1.931,-1.571,1.358,582.0
-0.45,1.681,-1.125,0.034,495.0
-0.251,1.543,-0.66,2.308,474.0
0.331,1.181,1.88,1.975,749.0
0.286,0.257,0.904,3.244,380.0
0.516,-0.366,-0.509,0.468,415.0
-0.36,1.029,-0.608,2.057,388.0
1.023,1.767,-1.036,-0.866,541.0
-1.297,-0.062,-0.637,1.92,200.0
0.043,-1.098,0.869,1.433,797.0
-1.015,-0.827,0.459,1.024,464.0
1.051,0.12,-0.52,3.048,356.0
0.559,1.268,2.682,-0.038,554.0
-0.036,2.731,-0.337,2.541,988.0
0.468,-0.465,1.352,0.903,758.0
0.603,-0.677,-0.325,1.869,359.0
0.414,1.365,-1.835,0.369,525.0
-0.67,-1.593,2.166,0.695,220.0
0.645,0.463,0.901,0.656,721.0
0.071,1.472,0.05,2.524,720.0
-0.65,-1.115,-1.319,-0.631,199.0
0.807,0.845,-1.587,-0.033,472.0
-0.877,0.367,0.986,-0.815,102.0
-1.924,1.135,1.004,0.534,179.0
-0.59,2.065,-1.418,2.038,588.0
-0.354,-1.034,0.427,1.401,505.0
-1.982,1.19,-1.315,4.501,177.0
-2.0,1.118,0.852,0.754,118.0
0.073,1.855,-1.03,1.733,641.0
0.706,-0.278,-0.813,0.385,397.0
-0.078,1.022,1.335,0.756,501.0
0.557,1.842,-0.346,-1.706,116.0
-0.837,2.169,0.596,0.458,490.0
0.536,1.735,0.789,1.088,636.0
0.49,0.35,1.188,1.283,245.0
0.172,0.892,0.074,0.915,237.0
-1.375,0.511,-0.88,1.757,198.0
-0.028,1.408,0.077,-0.11,121.0
1.869,1.352,-0.111,0.809,905.0
0.116,0.702,2.872,2.818,236.0
0.065,0.574,-0.14,-0.502,331.0
-0.052,-0.329,-1.8,0.208,184.0
0.371,0.133,-0.556,-0.573,177.0
-1.025,-0.617,-0.667,1.864,514.0
-0.46,1.166,-1.579,0.935,310.0
0.274,1.388,-0.973,0.497,573.0
-1.339,1.53,0.817,0.532,409.0
0.69,1.507,0.671,2.139,1027.0
-0.892,0.395,-0.633,3.009,284.0
-1.227,-0.262,-0.95,-0.052,215.0
-1.23,2.114,0.467,1.778,275.0
-0.467,2.326,1.797,2.392,220.0
0.719,2.296,-0.672,1.936,245.0
0.639,-0.402,0.407,-0.882,142.0
0.607,0.127,-0.312,1.268,591.0
0.468,0.041,0.956,0.303,414.0
-0.05,0.887,0.023,0.567,787.0
0.258,0.773,0.877,0.863,560.0
1.987,2.22,0.424,0.509,787.0
0.338,0.497,1.238,2.102,242.0
-0.478,0.192,-0.775,2.002,550.0
0.527,-0.683,1.321,0.779,249.0
0.052,1.796,0.996,1.411,776.0
-0.083,0.986,0.926,1.458,501.0
1.393,0.014,-0.769,1.011,342.0
1.251,2.044,-1.133,0.677,796.0
-2.0,2.387,0.117,1.176,150.0
0.389,1.309,-0.867,1.185,438.0
0.326,1.917,0.347,1.208,978.0
-1.451,1.0,1.023,1.438,195.0
-0.892,0.894,0.118,2.001,211.0
1.931,0.645,0.911,0.171,577.0
-0.283,1.309,0.229,-0.129,554.0
1.672,0.372,0.306,0.422,425.0
0.092,0.18,1.354,1.668,705.0
-1.305,-0.758,1.077,2.245,201.0
-0.71,2.095,1.186,0.829,541.0
-1.236,2.199,0.275,0.664,515.0
-0.245,2.045,0.358,0.37,360.0
1.596,1.854,-0.798,0.13,781.0
1.608,1.437,1.748,2.472,486.0
-0.719,1.773,0.812,1.21,571.0
-0.347,0.922,0.54,1.47,309.0
2.009,1.779,0.883,1.295,743.0
-1.705,0.841,0.024,0.714,167.0
1.011,1.434,1.781,2.274,380.0
0.258,2.132,1.108,0.356,647.0
1.469,1.018,-0.18,1.473,262.0
0.643,0.89,-0.483,0.942,520.0
-1.213,3.272,0.654,-0.586,179.0
0.766,3.242,0.303,1.002,627.0
1.263,-0.44,1.953,1.45,413.0
-1.467,0.787,-0.458,1.218,205.0
0.691,-1.069,-1.525,-0.779,260.0
1.9,0.029,0.348,0.723,364.0
-0.488,0.368,-0.905,1.924,400.0
-1.074,0.712,-0.674,-0.637,82.0
1.227,0.402,-0.314,-0.912,152.0
0.509,0.126,0.565,-0.257,177.0
-1.209,1.646,-0.566,0.695,353.0
1.427,2.013,-0.085,0.945,729.0
-0.571,1.684,0.382,1.369,437.0
1.743,0.176,-0.456,0.78,342.0
1.824,0.337,0.738,-1.017,199.0
-2.0,-0.232,0.24,2.558,177.0
0.339,1.703,0.611,1.431,591.0
-1.847,-0.202,0.195,1.619,182.0
-0.834,1.355,0.242,0.403,589.0
-0.385,2.144,1.694,3.008,944.0
1.991,0.099,-1.497,1.069,346.0
-1.055,1.931,0.022,1.399,543.0
-2.0,1.99,-0.833,-1.426,52.0
-0.135,1.339,1.492,1.028,598.0
-0.07,0.391,-1.539,1.908,552.0
0.262,0.37,1.2,0.297,546.0
1.307,-0.8,-2.172,1.108,391.0
0.867,0.096,0.096,0.541,244.0
0.172,1.265,0.21,0.89,302.0
-0.66,1.004,-2.132,-0.389,327.0
-1.614,1.389,-1.775,2.34,190.0
1.352,0.551,2.21,3.156,639.0
-0.272,1.662,-0.19,-0.888,263.0
-0.825,0.83,-0.848,0.59,561.0
0.878,0.081,0.922,-0.293,276.0
-1.334,0.433,-0.005,1.38,297.0
0.254,0.442,-0.677,0.403,168.0
-0.355,1.288,0.124,0.431,300.0
0.024,1.184,-0.267,0.932,216.0
-0.057,0.032,2.32,1.144,536.0
0.279,1.62,-0.128,1.331,302.0
0.518,1.008,-1.306,1.963,386.0
-0.108,1.376,0.213,2.427,508.0
-0.857,1.243,-1.691,1.113,493.0
-0.949,1.308,-0.223,1.753,209.0
0.542,-0.023,0.779,2.025,677.0
1.281,2.89,0.344,1.346,277.0
-0.829,0.848,-0.539,1.555,213.0
1.122,-0.576,0.614,0.86,352.0
-0.46,0.992,-0.232,1.307,388.0
0.228,0.439,0.683,1.49,600.0
-1.334,0.869,2.433,1.468,174.0
2.185,1.518,0.659,1.329,762.0
-0.447,1.101,-0.392,-0.103,310.0
-0.389,1.217,1.183,-1.078,77.0
-2.0,2.019,0.938,0.253,129.0
0.364,1.801,0.657,1.795,610.0
0.004,0.99,0.07,2.257,314.0
0.023,0.422,-1.402,0.086,258.0
0.135,0.522,-0.171,-0.559,336.0
1.604,0.705,-0.441,-0.507,201.0
-0.338,0.939,-2.066,0.207,296.0
-0.613,2.084,0.085,0.007,554.0
-0.584,0.467,0.72,-0.845,321.0
1.174,0.42,-0.618,0.478,545.0
-0.477,1.505,-2.333,2.492,590.0
-0.739,0.157,-0.576,1.738,216.0
0.475,4.378,-0.893,1.425,718.0
-2.0,0.779,1.516,3.164,177.0
0.776,1.437,0.017,1.104,631.0
-0.966,2.223,1.881,1.332,208.0
0.618,0.557,0.846,2.685,480.0
-2.0,0.386,0.491,0.953,177.0
-0.63,-1.092,1.425,0.542,194.0
1.211,1.529,-1.4,1.779,631.0
-0.481,2.141,1.172,0.306,589.0
-1.225,0.087,-0.98,0.721,338.0
-0.055,0.044,0.109,1.111,234.0
-0.368,0.18,0.999,-1.017,88.0
0.144,2.135,1.916,-0.312,422.0
-1.279,2.047,0.443,1.767,199.0
-0.056,0.619,-2.333,1.6,316.0
0.829,2.753,-0.238,1.4,688.0
-0.095,0.703,0.452,1.258,431.0
0.097,-0.278,-0.609,1.55,639.0
-1.89,1.59,1.388,-0.834,73.0
0.894,-0.274,0.008,0.387,177.0
-1.147,0.478,-0.117,1.868,453.0
-1.633,2.15,-0.674,0.122,158.0
0.956,2.25,-0.356,1.808,910.0
0.879,-0.946,0.909,-0.225,313.0
-1.865,2.872,-1.297,0.171,126.0
-0.104,0.785,-1.493,1.946,231.0
-1.222,1.928,0.882,1.602,201.0
0.653,-0.259,-1.14,1.265,640.0
1.232,2.842,1.045,-0.002,603.0
-0.682,-0.943,1.162,-0.411,374.0
-1.602,0.181,0.346,0.842,190.0
-0.389,2.488,0.636,2.806,632.0
-1.687,1.242,-0.598,0.706,187.0
-1.052,-1.19,1.163,2.408,185.0
-1.834,1.132,-0.093,3.314,182.0
0.445,2.025,-0.994,1.089,240.0
1.04,1.478,0.751,1.964,253.0
-1.331,0.739,0.063,0.627,274.0
-1.656,1.827,-0.652,0.141,131.0
-2.0,0.955,0.084,0.101,110.0
-1.026,2.135,0.537,0.402,390.0
-1.223,1.595,0.603,1.0,201.0
1.01,0.283,-0.756,1.672,256.0
-0.504,1.468,-0.815,3.55,344.0
-0.165,0.782,-0.279,1.978,230.0
0.459,0.4,0.7,0.972,652.0
0.372,0.96,0.289,0.886,491.0
0.551,0.662,0.384,-0.178,137.0
0.086,0.472,-0.003,0.991,547.0
-0.183,0.984,-1.638,2.661,398.0
0.316,0.732,-0.371,-0.35,141.0
1.536,0.725,0.718,0.352,512.0
-0.561,1.651,-0.381,1.16,338.0
1.146,1.661,0.455,-0.619,419.0
-0.656,0.989,0.251,1.983,315.0
1.201,-1.118,-0.734,2.05,547.0
-0.382,1.247,2.099,0.097,400.0
0.159,0.406,-0.544,0.596,238.0
0.551,0.447,0.703,2.596,246.0
-1.357,0.284,0.98,0.557,301.0
0.457,2.462,1.854,-0.598,500.0
-1.127,2.134,0.76,0.538,314.0
1.395,1.089,0.346,-0.379,596.0
-1.107,0.484,0.389,1.092,322.0
0.238,-0.941,-1.971,-1.375,191.0
0.937,2.171,2.376,1.719,912.0
1.209,-0.366,0.753,0.893,932.0
1.05,1.396,0.045,1.016,708.0
0.565,0.71,-0.076,-0.059,587.0
-2.0,1.345,0.379,-0.705,58.0
-0.088,2.039,0.026,0.456,444.0
-0.574,0.411,-0.322,1.869,220.0
-0.183,0.342,-0.052,0.439,445.0
1.106,0.139,-0.188,1.226,526.0
0.926,0.86,1.558,1.07,565.0
0.148,1.515,0.254,-0.795,186.0
-0.483,1.76,-1.399,2.009,459.0
-0.596,-0.105,0.623,1.25,221.0
-2.0,1.61,-1.183,2.649,176.0
0.353,0.02,0.506,1.258,243.0
0.175,1.279,-0.615,1.919,236.0
-1.283,1.916,0.164,0.981,706.0
0.033,1.492,1.069,-0.579,545.0
0.102,1.738,0.696,2.205,341.0
-0.971,0.247,1.642,1.187,682.0
0.314,1.999,-0.523,0.585,636.0
0.407,1.786,-0.763,1.358,318.0
0.57,0.232,1.043,-1.414,83.0
-0.371,1.754,-2.094,2.251,765.0
-0.125,1.068,-1.012,0.752,506.0
-1.742,3.183,-0.32,2.439,185.0
-1.793,1.751,-0.858,1.045,168.0
-0.02,0.002,-0.519,-0.435,246.0
-1.228,1.251,0.36,2.595,287.0
1.178,1.084,1.113,1.322,625.0
-0.999,1.846,1.023,0.912,740.0
0.453,0.678,1.493,0.459,937.0
-0.84,-0.373,0.935,1.636,828.0
-0.199,0.69,-0.194,0.142,464.0
-1.032,1.437,-1.111,1.077,207.0
-0.333,1.497,0.506,-1.04,127.0
-0.417,0.989,1.904,1.295,325.0
0.041,-0.164,0.911,0.571,237.0
0.798,1.157,0.981,2.848,249.0
-0.729,0.193,0.404,0.454,346.0
0.751,1.291,0.87,0.832,845.0
-0.252,1.765,-0.335,0.94,322.0
0.122,0.44,1.205,2.248,237.0
-0.795,-0.639,-1.568,1.775,442.0
-0.141,0.383,-0.503,1.344,611.0
2.625,1.055,-0.669,1.795,914.0
-0.138,1.165,0.274,0.689,765.0
0.641,0.154,-0.889,3.219,249.0
0.497,1.768,-0.234,0.36,725.0
0.27,0.281,-1.027,2.664,241.0
-1.148,-0.42,-0.495,0.467,205.0
0.414,-0.912,0.445,1.465,608.0
0.859,-0.105,-0.16,2.61,535.0
-0.397,-0.204,-0.627,1.695,506.0
0.101,1.391,-0.606,-0.726,390.0
-0.157,1.524,-0.895,2.196,398.0
1.2,0.583,-0.73,-0.1,234.0
0.711,-1.52,0.849,2.016,254.0
0.453,0.716,-0.135,2.36,764.0
2.172,-0.8,-0.698,0.563,280.0
-0.032,-0.798,2.086,2.559,409.0
-0.332,1.6,0.682,1.117,810.0
-1.42,1.87,-0.553,0.903,157.0
0.578,1.225,0.065,1.055,245.0
-0.543,0.911,-1.474,0.649,320.0
0.265,2.107,0.518,0.407,151.0
-0.651,-0.286,-0.312,0.882,672.0
-1.449,0.851,-0.792,1.535,195.0
1.137,1.119,-0.84,0.097,748.0
-0.899,1.385,-1.72,1.593,259.0
0.59,0.12,1.181,0.77,248.0
-0.332,0.488,0.462,1.656,226.0
-1.25,1.908,0.83,1.735,499.0
0.042,2.242,0.113,1.532,770.0
0.047,-0.233,-0.585,2.907,523.0
0.616,2.891,-0.46,2.834,902.0
0.06,1.665,-1.116,0.66,687.0
0.785,2.818,-2.333,1.976,800.0
0.006,-0.359,-0.22,0.702,706.0
1.357,1.227,-1.326,1.242,568.0
0.829,0.204,-1.574,-0.416,402.0
-0.732,3.538,-0.099,0.515,655.0
-2.0,2.479,0.297,1.422,176.0
-0.944,2.28,-0.057,1.439,403.0
-0.198,0.819,0.257,0.019,707.0
-1.156,0.197,-1.23,0.88,229.0
0.019,1.529,-0.79,2.22,734.0
1.067,0.952,-2.033,-0.891,107.0
-0.423,1.179,-0.21,0.03,509.0
-1.01,-0.081,-0.124,0.362,332.0
0.842,3.073,-1.528,0.187,642.0
-0.091,1.726,-1.967,1.199,549.0
-1.448,0.573,1.442,1.183,454.0
-1.022,0.115,0.513,1.682,358.0
0.696,2.607,0.418,1.474,771.0
-1.191,1.962,-0.987,1.554,329.0
-0.793,1.506,-1.271,1.331,561.0
-0.849,1.896,-0.27,-0.16,625.0
0.519,1.873,-0.552,3.071,826.0
0.077,0.532,0.997,0.727,557.0
0.992,-0.218,0.825,-0.462,344.0
-0.351,1.631,0.258,1.225,814.0
0.707,0.849,-0.147,0.875,356.0
-0.898,1.532,-0.661,0.731,404.0
0.879,0.387,-1.942,0.159,309.0
-0.7,-0.13,-1.049,1.166,367.0
0.393,1.527,1.048,1.248,649.0
0.909,2.813,1.188,0.954,791.0
-0.818,-1.269,0.404,0.468,525.0
-0.788,0.395,-0.439,1.48,215.0
-2.0,-0.38,0.111,2.058,177.0
-1.394,1.517,0.516,2.835,196.0
-0.646,2.672,-2.07,0.299,510.0
0.38,0.542,0.0,2.347,243.0
-0.093,1.494,0.747,2.115,230.0
-0.86,2.69,0.8,0.334,619.0
-0.445,1.232,-1.481,0.826,366.0
-0.23,2.109,1.407,2.442,721.0
1.435,0.39,0.26,-1.014,402.0
-0.674,-0.63,1.049,0.908,394.0
-0.493,0.414,0.226,-0.367,375.0
-1.265,2.391,-0.812,0.313,215.0
-0.858,2.585,0.417,0.643,277.0
-0.224,0.726,0.233,0.245,563.0
-0.02,1.766,0.95,1.525,351.0
-1.081,-0.665,0.902,0.499,207.0
-0.565,3.519,0.54,0.81,738.0
0.148,2.067,-0.031,1.878,449.0
-0.208,2.017,-0.261,2.709,343.0
-0.84,0.612,-0.294,-0.136,387.0
0.413,2.862,-1.583,-0.6,421.0
-0.377,2.748,1.152,0.177,713.0
0.057,0.675,1.362,1.05,625.0
1.285,1.466,-0.238,1.257,757.0
-0.908,1.865,-0.34,1.96,760.0
0.305,0.995,0.449,1.705,740.0
-0.172,0.156,2.113,0.471,759.0
0.654,1.285,1.577,2.077,246.0
-2.0,2.641,-0.081,-1.669,52.0
-0.424,0.985,-0.873,0.176,669.0
-0.051,1.652,-1.292,0.467,203.0
-0.15,0.248,0.467,0.645,579.0
1.056,2.541,0.396,1.347,531.0
-1.561,0.145,0.654,1.236,252.0
0.141,1.76,-0.279,0.409,442.0
-1.034,2.597,0.102,3.358,374.0
-0.404,1.14,-0.187,0.341,621.0
-0.285,2.112,1.139,1.453,225.0
1.047,1.347,-0.747,0.556,694.0
-0.0,0.69,-0.368,-0.154,349.0
0.402,0.308,2.638,1.207,450.0
-2.0,0.908,-1.516,2.411,177.0
0.319,-0.032,2.149,0.539,332.0
-0.666,0.17,0.739,2.71,354.0
0.654,2.984,-1.54,0.33,528.0
0.071,0.675,0.208,1.76,454.0
1.403,1.316,0.512,0.909,243.0
-0.97,2.003,-0.703,1.563,244.0
0.175,1.124,0.089,-1.146,124.0
-1.256,-0.449,1.176,0.954,202.0
-0.088,1.098,1.568,0.702,648.0
0.226,1.268,0.911,3.023,980.0
4.065,0.92,-1.173,0.01,373.0
3.069,0.198,1.256,1.113,259.0
0.043,3.069,-0.719,-1.142,85.0
-0.602,0.783,-0.026,2.152,348.0
-1.147,2.15,0.66,1.435,462.0
-0.531,-0.423,0.048,-0.799,277.0
1.555,1.775,0.711,-0.481,434.0
-1.072,1.306,-0.261,1.955,232.0
0.102,0.356,1.94,1.09,400.0
0.809,1.439,1.014,0.629,428.0
-1.511,-0.694,1.087,-0.16,88.0
-1.069,1.9,-1.258,1.626,290.0
-1.959,2.124,-2.333,0.098,109.0
-0.814,-0.319,-0.439,1.757,279.0
2.205,1.217,0.51,2.347,604.0
1.487,1.42,-1.588,-1.704,93.0
-1.228,1.16,0.879,0.372,323.0
0.428,2.411,-1.327,1.831,730.0
0.577,0.73,-0.583,0.932,487.0
1.111,0.396,-0.459,0.937,325.0
0.695,1.26,0.257,-0.166,281.0
1.087,-0.734,-0.376,2.601,260.0
-0.135,1.805,0.312,2.378,229.0
0.486,0.526,-2.198,-0.496,208.0
0.568,0.888,1.159,-0.82,325.0
1.833,1.257,-0.942,1.28,432.0
-0.208,0.691,0.203,0.478,357.0
-0.418,-0.348,-0.553,2.404,585.0
-0.672,0.737,0.985,1.056,408.0
1.084,1.023,0.28,1.807,459.0
-0.575,0.473,-0.598,0.087,220.0
-0.006,0.599,0.148,1.413,545.0
0.29,0.658,-0.623,1.095,592.0
0.311,0.787,0.031,1.774,1012.0
-1.599,-0.038,-0.436,1.271,191.0
0.151,0.41,0.154,1.037,403.0
-1.335,1.297,-1.131,3.239,485.0
-0.559,0.106,-0.043,1.563,385.0
-1.139,2.741,0.202,1.022,556.0
1.377,0.497,-0.674,0.905,262.0
-0.479,-1.929,-0.735,0.05,226.0
0.032,-0.113,1.613,2.294,618.0
-0.899,2.605,-0.989,2.249,539.0
-1.747,-0.163,-0.004,2.722,186.0
1.645,1.759,0.851,-0.253,607.0
-0.239,2.082,-2.333,0.664,494.0
1.234,0.685,0.83,0.679,310.0
0.043,-0.395,0.709,3.153,237.0
-0.736,1.661,-1.259,-0.49,295.0
-0.529,1.615,-0.036,-0.68,199.0
0.749,2.649,0.967,0.965,1269.0
0.015,1.582,-0.072,1.83,232.0
1.444,1.572,-0.003,-0.359,325.0
-0.836,0.955,0.092,0.656,257.0
-0.857,0.325,0.415,3.427,213.0
-0.515,1.082,-0.004,1.367,531.0
-0.2,0.868,-1.386,0.436,135.0
-0.148,-0.395,-1.674,0.521,620.0
-2.0,1.479,-0.558,0.527,175.0
-0.51,-1.068,-0.217,-0.046,233.0
0.651,0.446,0.878,1.58,382.0
0.54,1.105,0.473,2.122,791.0
1.978,0.818,-0.064,1.022,636.0
0.593,2.642,-1.179,0.401,740.0
-1.651,-0.11,1.002,0.775,122.0
1.616,2.248,1.562,-0.89,216.0
1.224,1.04,0.395,-0.16,232.0
0.562,2.112,1.024,-0.366,559.0
-0.717,0.766,0.6,2.2,628.0
1.386,-0.322,-0.695,0.476,464.0
1.403,0.946,-1.627,1.756,563.0
1.402,1.749,-1.455,0.227,503.0
1.268,2.176,1.779,1.183,627.0
0.252,1.561,-0.641,-0.408,401.0
0.672,1.298,0.356,1.55,563.0
0.62,1.961,1.079,2.429,920.0
-1.583,0.976,0.939,0.353,168.0
-0.267,0.131,-1.129,2.504,591.0
-0.355,0.919,0.761,2.998,763.0
1.133,0.776,-0.042,2.226,364.0
-1.299,0.863,0.497,1.674,200.0
1.59,1.16,1.124,1.079,245.0
-1.084,0.626,0.713,0.895,206.0
1.02,2.055,-0.761,-0.044,538.0
-1.076,2.094,-0.679,1.571,437.0
0.031,1.756,0.515,1.25,777.0
1.041,0.779,-0.608,2.073,351.0
-1.316,0.909,0.263,1.129,392.0
-0.624,1.478,-0.588,-0.147,223.0
-1.349,2.362,-1.501,1.41,589.0
-1.138,0.615,0.295,-0.425,273.0
0.087,1.573,-1.051,1.185,382.0
0.933,-0.312,0.297,0.353,270.0
0.684,2.366,1.045,1.673,244.0
0.118,1.476,0.19,2.284,493.0
-1.076,1.793,-0.196,1.998,278.0
-0.218,1.054,0.827,0.84,472.0
0.256,-0.364,0.059,1.515,614.0
-0.796,1.54,0.364,0.394,286.0
1.695,2.196,0.97,1.727,939.0
1.175,1.854,-0.007,0.596,773.0
0.164,1.01,2.684,0.151,597.0
-1.994,-0.445,1.039,0.533,177.0
0.527,0.167,-0.071,2.394,703.0
0.897,0.435,-0.956,0.616,327.0
-0.997,0.87,-0.695,1.682,208.0
-1.257,1.421,-0.271,0.413,381.0
0.104,2.283,-0.141,0.367,255.0
0.45,0.917,0.346,0.696,243.0
0.565,1.739,-0.004,2.147,337.0
-0.407,2.085,1.108,0.19,441.0
-1.118,1.307,0.128,2.156,205.0
-1.491,1.104,-0.938,0.844,194.0
1.17,2.877,-0.337,-0.748,640.0
0.421,1.459,2.473,-0.128,468.0
0.843,2.026,0.07,2.816,1069.0
-0.006,1.517,-0.369,1.31,590.0
-1.605,0.68,-0.193,2.845,234.0
0.216,1.269,-1.47,2.306,322.0
0.737,1.574,-0.049,1.653,605.0
1.459,-1.079,3.023,-0.406,577.0
-1.2,-1.368,-0.156,0.45,281.0
0.469,1.957,-0.573,-0.664,154.0
-0.358,1.904,0.142,-0.615,417.0
-0.93,1.827,0.722,1.669,259.0
0.609,1.076,-0.816,1.446,342.0
-0.52,2.29,1.299,1.497,656.0
-1.81,1.9,-0.658,1.229,183.0
-1.775,1.559,0.547,2.131,184.0
1.064,-0.221,1.528,1.379,258.0
-0.166,1.663,0.416,0.059,136.0
1.059,0.262,-0.645,1.171,738.0
0.83,0.735,0.343,0.356,537.0
-1.155,-0.732,1.529,2.162,542.0
0.025,1.288,-0.633,1.69,397.0
-0.279,0.263,0.658,-0.052,403.0
-1.66,1.553,-0.659,0.864,188.0
0.271,0.991,0.82,1.172,704.0
0.024,1.26,0.379,0.562,731.0
-0.413,0.549,-0.362,0.283,160.0
-1.937,2.575,-0.242,-0.162,120.0
-0.16,1.398,0.48,-0.694,173.0
0.265,2.156,-1.581,0.921,485.0
0.541,1.848,1.261,1.518,834.0
-1.005,1.717,-1.827,0.426,453.0
-0.094,1.017,-0.218,2.335,582.0
-0.625,0.818,1.529,2.06,519.0
0.161,1.701,0.605,1.367,367.0
-0.786,0.148,0.32,0.226,356.0
-0.089,0.039,0.605,1.816,233.0
0.368,1.163,0.222,2.08,582.0
-0.204,0.202,-0.575,0.664,331.0
0.683,2.642,-0.208,1.306,857.0
0.612,0.057,1.272,-0.832,121.0
-1.556,1.29,1.904,1.759,191.0
-0.756,0.448,0.464,-0.27,187.0
0.364,-0.373,0.552,-0.102,486.0
-0.469,1.686,1.027,1.432,373.0
-0.498,1.841,-0.712,2.105,673.0
0.577,1.132,2.053,0.379,635.0
0.035,0.515,-0.845,-0.442,483.0
1.037,1.448,-0.948,1.147,669.0
-1.262,2.41,1.548,-0.448,273.0
-1.178,0.752,1.148,1.832,447.0
-1.143,1.749,-0.236,1.605,560.0
-0.567,1.161,0.635,-0.745,257.0
-0.272,0.72,-0.256,0.347,373.0
-0.382,1.222,-1.22,1.589,430.0
-0.247,1.979,-0.133,-0.69,143.0
0.795,1.048,0.585,2.189,860.0
1.327,1.703,-0.76,1.996,347.0
-1.31,-0.41,-0.216,2.462,297.0
-0.896,0.67,1.01,1.366,268.0
-0.604,1.12,-0.041,0.562,399.0
1.442,2.283,-0.382,1.457,973.0
0.628,2.133,0.169,2.253,526.0
-0.326,1.587,-0.0,1.03,292.0
-0.689,1.008,-0.176,1.542,217.0
0.743,1.623,0.257,1.18,364.0
1.811,1.499,-0.47,0.227,479.0
0.584,0.988,1.944,-0.011,669.0
1.721,3.885,0.487,2.208,1087.0
-0.355,0.925,-1.289,2.173,414.0
0.367,0.342,1.325,0.663,520.0
1.088,2.894,-0.925,3.165,754.0
0.823,0.286,-0.254,0.976,711.0
0.339,1.362,-0.279,1.76,240.0
1.907,-0.015,0.373,0.99,820.0
-0.877,1.433,0.604,1.799,498.0
1.653,0.126,-0.489,2.415,715.0
-0.677,0.775,-0.607,-0.547,191.0
-0.206,1.426,0.025,0.788,521.0
-0.235,2.07,-0.681,0.906,789.0
0.431,1.508,2.764,2.15,743.0
2.475,0.305,-1.657,0.351,358.0
0.676,-0.582,-0.912,0.313,218.0
-0.089,2.306,-0.369,-0.503,424.0
1.225,1.839,-0.386,-0.441,511.0
0.713,2.127,1.338,1.427,756.0
-0.041,1.278,-1.908,-1.743,79.0
-0.897,1.368,0.217,0.845,280.0
1.035,0.126,-1.959,-0.269,375.0
-0.157,0.771,0.673,0.888,351.0
0.942,0.932,-0.328,2.206,756.0
0.675,0.503,0.43,0.394,434.0
0.928,1.388,-0.059,1.469,360.0
-0.712,0.46,1.166,-0.264,270.0
1.225,1.88,-0.47,0.425,347.0
1.173,0.683,0.259,-0.403,168.0
-1.565,0.139,0.441,0.211,185.0
-0.001,1.596,-0.974,0.532,199.0
-0.345,0.701,-0.975,1.085,523.0
-1.324,0.187,-1.081,1.41,625.0
1.254,0.971,-1.705,1.745,402.0
0.027,1.418,-1.148,0.781,623.0
-1.305,1.03,1.365,0.594,134.0
1.817,0.88,-0.682,0.543,539.0
0.502,1.849,0.604,0.931,811.0
1.859,0.478,-0.631,-0.058,769.0
-0.605,0.431,-1.527,0.117,381.0
-0.263,1.919,-0.235,0.065,246.0
-1.995,2.608,-1.698,1.054,177.0
0.105,-0.182,-0.687,-0.921,189.0
-0.334,0.84,-0.785,0.666,289.0
1.255,1.359,0.71,2.415,789.0
0.109,0.694,0.138,-0.946,90.0
-0.321,-0.244,0.065,0.768,477.0
0.306,1.853,-1.284,2.137,816.0
-1.444,0.833,1.653,1.658,308.0
1.073,1.848,-1.839,-0.178,279.0
-0.014,2.568,0.289,0.157,534.0
0.375,1.43,-0.057,1.237,229.0
-0.158,0.405,0.45,0.716,521.0
0.176,0.387,1.37,0.902,377.0
0.27,0.84,-0.628,1.05,768.0
-1.843,-0.476,1.223,1.297,182.0
-0.554,0.364,-0.444,1.26,339.0
-0.027,0.736,0.902,0.315,754.0
0.898,1.29,-0.919,2.145,251.0
-0.428,0.649,-0.22,1.918,467.0
-0.664,2.385,1.015,1.241,663.0
-0.771,1.424,0.403,0.325,222.0
-0.552,1.281,-0.351,0.698,687.0
0.075,0.002,-1.098,2.015,523.0
0.611,0.411,0.237,1.895,612.0
-1.355,1.657,0.025,-0.035,121.0
0.208,1.476,0.347,0.446,622.0
1.949,1.567,-1.487,0.776,196.0
-0.219,2.029,1.221,1.388,369.0
1.222,-0.374,-1.386,0.843,402.0
0.568,1.938,0.005,1.377,217.0
-0.605,0.774,-1.404,0.085,206.0
0.145,2.869,-0.814,1.88,673.0
0.582,2.082,-0.669,0.458,729.0
-0.092,2.742,0.172,1.502,875.0
-0.717,1.877,-1.69,0.948,215.0
1.042,3.278,0.971,0.957,761.0
1.342,1.737,0.551,1.575,579.0
0.323,0.649,1.728,1.12,541.0
-1.047,1.117,-1.627,-0.73,99.0
-0.252,0.474,0.222,2.495,228.0
-0.332,3.462,0.684,1.064,772.0
2.296,2.393,-0.173,1.395,304.0
-0.656,1.484,-0.899,0.464,495.0
-0.504,1.198,-1.032,1.132,454.0
0.106,2.183,-0.83,1.189,400.0
-0.707,0.986,1.811,2.669,686.0
1.344,0.398,0.24,0.368,249.0
-0.635,1.252,0.63,0.859,305.0
-0.736,2.571,0.072,1.241,305.0
1.055,2.399,0.315,0.566,301.0
-0.238,0.538,-0.418,0.978,343.0
0.35,0.64,-0.224,-0.551,444.0
-0.156,1.962,0.793,2.728,695.0
-1.207,3.158,-1.926,0.657,457.0
-0.787,0.328,0.846,0.765,215.0
-0.597,3.011,1.202,0.87,438.0
-1.07,-0.076,0.235,-0.453,226.0
0.74,3.087,-1.014,1.012,713.0
-1.888,-0.12,1.179,3.054,181.0
0.565,0.525,-0.366,-0.821,104.0
1.49,2.238,0.503,-0.25,646.0
0.549,1.339,0.321,2.105,671.0
0.567,2.552,-1.579,0.498,735.0
0.304,1.436,-0.157,1.527,280.0
0.243,0.627,-0.007,2.005,874.0
-0.606,2.002,-0.025,0.594,329.0
0.045,0.265,-2.333,0.7,462.0
-1.4,0.27,-0.93,1.746,288.0
-0.992,0.509,0.136,1.703,374.0
-0.49,2.386,-0.41,1.336,719.0
0.667,0.432,0.17,0.919,623.0
0.013,0.816,-1.731,0.746,250.0
-0.764,0.899,2.194,0.564,536.0
-0.872,0.9,0.032,0.988,590.0
0.169,1.97,1.719,-0.61,586.0
-0.746,0.342,-1.998,-0.272,147.0
-0.464,1.501,0.16,2.972,588.0
-0.37,2.518,1.525,0.835,753.0
-0.445,1.699,0.415,1.126,319.0
-0.352,3.025,0.081,-0.23,321.0
0.974,1.926,0.012,0.983,741.0
-1.563,-0.329,-0.741,0.442,382.0
-0.225,-0.422,0.332,2.195,428.0
-0.148,0.625,-0.504,-0.11,245.0
-0.202,-0.712,0.194,0.463,614.0
-0.086,1.964,-0.962,0.311,538.0
1.534,0.895,-1.293,-0.412,266.0
-0.255,2.218,0.303,-0.609,335.0
0.331,-0.424,0.607,1.21,604.0
2.789,0.874,1.161,2.134,282.0
-1.078,2.251,-0.09,1.228,385.0
0.134,1.945,1.089,1.652,565.0
-0.523,1.215,0.455,-0.058,486.0
1.195,2.512,0.773,0.458,712.0
-2.0,2.709,-0.968,-0.56,77.0
0.556,1.712,-1.847,1.745,580.0
-0.38,2.893,2.013,1.385,677.0
-1.137,1.704,-0.405,1.139,296.0
1.034,-0.572,-0.112,2.633,585.0
0.45,0.727,-0.614,1.512,228.0
-1.003,1.2,1.117,0.513,126.0
-0.178,0.717,0.714,2.575,370.0
0.719,0.432,-1.091,1.885,250.0
0.771,1.746,-0.286,1.03,689.0
0.586,3.101,-0.811,0.922,708.0
-0.103,1.433,1.269,-0.106,299.0
-1.153,2.316,0.94,0.66,157.0
-0.373,2.087,-0.772,-1.287,143.0
0.179,0.887,-0.52,0.63,157.0
-0.095,1.496,-0.567,1.271,280.0
0.886,2.95,-0.317,1.833,248.0
-1.769,-0.667,0.218,2.067,185.0
0.824,2.19,1.633,1.01,762.0
-0.412,1.19,1.595,1.408,194.0
-0.303,0.582,0.028,-0.339,528.0
-2.0,-0.005,0.864,1.348,177.0
-1.342,0.268,-0.736,1.711,190.0
-0.35,2.496,-0.404,0.089,451.0
0.087,-1.387,3.114,-1.097,136.0
1.139,0.935,-0.818,-0.516,206.0
0.104,0.959,-0.344,-0.187,346.0
-0.377,1.074,-0.038,2.126,480.0
1.091,-0.477,-0.824,1.107,329.0
0.4,0.389,1.884,1.652,524.0
-0.525,0.604,0.749,1.085,252.0
0.445,1.115,-0.689,0.046,448.0
-2.0,2.21,-0.143,1.156,176.0
-0.339,1.878,-0.027,-0.108,399.0
-0.079,0.829,-0.444,1.226,449.0
0.296,1.049,0.243,3.67,362.0
-1.007,2.095,-0.197,1.721,207.0
-0.269,-0.493,0.781,0.724,548.0
0.496,3.072,0.251,0.908,748.0
-0.376,0.788,-0.812,1.248,361.0
-1.031,0.165,1.208,0.637,571.0
1.062,1.455,0.451,-1.381,135.0
0.952,1.607,0.399,1.263,318.0
0.67,-0.412,-0.735,1.307,448.0
-0.066,-1.435,0.928,1.225,236.0
-0.704,1.789,0.173,2.184,263.0
-0.279,1.294,-0.995,-0.56,147.0
1.722,-0.234,0.205,0.257,540.0
-0.531,-0.009,-0.776,-0.946,98.0
0.591,1.935,0.179,1.791,582.0
-2.0,0.671,-1.152,0.702,177.0
0.786,1.802,-0.136,2.437,708.0
-1.764,0.862,-1.625,2.488,185.0
0.805,0.678,-0.874,0.847,251.0
-0.427,2.461,0.335,0.024,303.0
-0.196,-1.062,1.308,0.857,459.0
-0.595,2.305,-0.483,0.561,252.0
-1.331,1.542,-1.286,0.744,216.0
-1.125,0.904,-1.108,0.503,253.0
0.876,-0.586,1.26,0.909,348.0
1.287,1.717,-1.534,0.726,424.0
-0.14,1.347,1.471,0.955,229.0
-0.932,1.461,-0.248,1.478,506.0
0.167,0.88,-0.905,1.807,522.0
1.558,-0.827,-0.432,-0.29,229.0
-0.111,1.828,-1.09,1.21,737.0
-0.195,-0.836,-0.957,-0.995,205.0
0.468,2.109,-1.315,0.668,390.0
2.035,1.199,1.191,2.661,900.0
-1.301,0.607,0.172,0.357,117.0
-0.018,0.96,-1.115,1.824,293.0
1.389,1.237,0.485,2.673,334.0
0.426,1.676,0.218,2.174,831.0
-0.519,0.874,0.737,0.544,492.0
0.37,0.901,-1.236,1.545,241.0
-1.848,1.583,0.45,1.398,158.0
-0.33,1.298,-0.212,1.015,616.0
-1.253,1.649,0.342,0.866,200.0
0.426,0.469,2.014,1.455,759.0
-1.541,3.049,0.497,0.892,135.0
-1.659,2.422,-1.107,0.561,123.0
-0.266,1.561,-0.6,1.132,508.0
-0.873,0.945,-0.516,0.579,347.0
-0.533,-0.819,-0.106,1.416,518.0
0.011,2.246,-0.8,0.866,377.0
0.021,-0.786,0.304,-0.929,318.0
-1.749,3.052,0.628,0.971,227.0
-0.456,0.584,2.48,-0.966,95.0
-0.168,1.107,0.905,2.11,660.0
-0.565,2.361,0.57,1.447,263.0
0.517,0.414,0.013,1.734,667.0
0.332,1.594,-1.014,-0.38,277.0
-1.144,0.723,-1.032,0.508,185.0
-2.0,1.178,0.072,-0.929,52.0
-0.356,2.145,-0.118,1.209,557.0
1.311,1.012,-0.209,2.364,458.0
-0.323,0.549,1.388,1.74,335.0
1.313,-0.278,0.832,1.698,389.0
-0.264,2.048,-1.408,1.506,336.0
-0.074,1.108,0.853,1.255,259.0
1.923,1.225,-1.567,-1.362,97.0
0.782,0.395,-0.87,2.041,251.0
-0.06,1.88,1.012,1.361,225.0
-0.683,2.265,-0.477,2.175,332.0
-0.362,-0.701,0.348,0.695,413.0
-0.16,-0.081,1.286,2.868,572.0
0.189,-0.005,-0.378,2.76,325.0
1.118,0.806,0.279,-0.16,564.0
-1.071,0.189,-1.633,0.458,224.0
0.442,1.526,0.711,0.431,489.0
-0.288,2.185,0.167,1.28,134.0
-1.419,-0.212,-1.762,1.026,277.0
-0.806,1.2,-2.02,1.749,213.0
1.141,-1.207,-2.333,2.336,263.0
-0.916,0.874,-0.3,1.082,302.0
-1.305,1.82,1.737,-0.52,150.0
0.373,2.676,-0.476,1.329,746.0
-1.349,1.003,-1.229,-0.719,86.0
0.144,0.889,0.742,2.383,237.0
-2.0,0.999,-0.901,0.955,177.0
0.277,2.069,-0.73,0.38,517.0
-1.996,2.961,-0.37,-0.337,88.0
-0.832,1.843,-0.839,2.202,322.0
-0.133,-0.162,-0.521,1.283,584.0
0.738,-0.72,0.579,0.328,231.0
0.866,-0.492,0.302,1.015,587.0
1.237,1.244,0.553,3.109,257.0
-0.725,0.158,-0.899,1.262,301.0
-0.46,1.678,0.969,1.421,750.0
-0.575,2.251,-0.301,-0.486,524.0
-1.012,0.405,1.554,0.572,208.0
-0.162,1.44,-1.2,1.063,325.0
-0.593,1.069,0.076,2.072,783.0
-1.134,2.313,1.139,-0.062,333.0
-2.0,0.234,2.092,0.273,177.0
0.249,0.416,-0.365,1.403,438.0
-0.878,0.899,-0.223,1.988,288.0
-0.276,3.364,-0.29,1.009,821.0
-0.754,2.053,0.84,1.549,920.0
0.864,-0.011,-0.262,1.601,360.0
-2.0,0.485,0.966,2.11,177.0
0.844,1.925,0.204,1.243,626.0
-2.0,0.487,1.51,0.537,177.0
0.113,0.756,0.977,0.082,212.0
1.377,1.33,-1.262,0.472,831.0
-0.678,0.079,-0.593,2.175,334.0
1.255,1.523,-0.092,-0.815,184.0
0.589,2.636,0.147,-0.614,454.0
1.651,1.153,-0.792,0.169,806.0
1.358,1.159,-0.005,0.996,591.0
-0.047,0.959,1.592,0.918,232.0
-1.881,2.005,-0.216,0.817,181.0
0.041,0.027,-0.211,1.643,236.0
-0.902,1.593,1.352,1.58,472.0
-0.311,0.073,-1.728,1.998,603.0
-0.707,1.885,2.724,0.005,586.0
1.232,0.077,-1.089,0.159,628.0
0.311,2.266,0.956,0.334,662.0
-2.0,1.135,-0.388,1.755,144.0
-2.0,0.982,-0.813,0.447,171.0
-0.132,-0.623,0.533,0.817,447.0
0.009,-0.114,2.64,2.662,420.0
0.678,1.767,0.957,-0.083,332.0
0.455,1.205,-0.351,2.216,618.0
1.876,1.006,0.793,0.255,319.0
1.255,1.443,1.647,2.663,257.0
0.464,0.532,0.742,0.043,534.0
0.94,1.855,0.556,3.163,1263.0
-0.226,-0.679,-0.132,3.159,721.0
-1.058,2.057,0.005,0.632,167.0
-0.438,1.581,1.155,2.014,450.0
-0.684,-0.081,0.989,3.1,929.0
-1.298,2.458,-0.9,1.656,743.0
1.381,2.26,-1.763,1.979,844.0
0.716,1.191,-0.152,1.69,466.0
-1.5,1.646,-0.7,0.322,241.0
-0.056,1.845,0.863,3.245,512.0
0.594,0.459,-0.356,0.563,532.0
-1.758,-0.101,-0.406,0.478,122.0
0.065,-0.472,0.769,-0.301,652.0
2.368,1.5,0.673,1.337,859.0
-1.111,-0.487,-1.455,2.267,206.0
-1.33,2.41,-0.055,0.069,498.0
1.464,1.915,-1.09,1.671,909.0
-0.988,1.325,0.062,1.614,359.0
0.068,1.253,-0.902,2.578,432.0
0.708,-0.654,0.302,1.549,616.0
0.978,0.261,-1.678,-0.364,219.0
-0.234,1.767,-0.155,0.66,431.0
-0.086,1.501,1.996,-0.68,379.0
-0.399,1.186,0.331,1.114,224.0
-1.697,0.916,-0.11,2.418,187.0
1.216,0.365,1.399,2.073,751.0
0.417,0.769,-0.086,0.43,912.0
0.114,0.366,0.929,1.444,621.0
0.669,1.95,-0.938,0.852,396.0
-0.18,1.568,1.246,0.265,388.0
0.528,1.985,-0.835,0.122,477.0
-0.224,-0.273,-1.906,1.014,230.0
-0.644,1.037,-1.026,1.706,218.0
-1.165,0.022,-1.276,1.277,534.0
-0.986,2.215,1.794,1.248,658.0
-1.145,0.397,-0.005,1.137,216.0
0.823,1.539,-0.284,0.93,774.0
0.05,2.097,0.429,1.354,633.0
0.648,2.2,-0.026,1.228,878.0
0.05,2.539,-2.283,2.172,617.0
-1.18,1.177,-0.819,0.377,244.0
1.395,3.727,-0.271,-0.123,734.0
-1.932,0.757,0.223,0.347,179.0
0.558,1.131,-0.198,1.747,624.0
0.087,1.416,-0.541,0.277,397.0
0.426,0.192,0.067,1.203,217.0
-1.701,0.055,0.174,-0.415,132.0
-0.375,1.974,0.1,0.65,688.0
-0.228,0.975,0.056,0.924,398.0
-2.0,2.666,0.252,1.7,153.0
0.179,1.581,-0.281,2.23,348.0
-0.899,0.906,1.158,2.029,211.0
0.048,3.99,-0.017,0.635,818.0
1.051,2.012,-0.265,2.131,688.0
1.666,1.123,-1.21,0.492,329.0
0.746,-0.108,1.237,1.054,809.0
-0.132,0.64,0.494,0.491,401.0
-0.835,1.039,1.233,2.372,482.0
1.738,0.128,-0.405,1.434,308.0
-1.29,-0.075,0.802,2.008,263.0
-0.714,0.457,0.888,-0.604,86.0
0.078,0.98,-0.322,0.588,522.0
-0.356,-0.02,1.255,0.796,653.0
-0.813,1.34,0.913,-0.447,139.0
0.046,0.294,0.827,2.247,594.0
1.268,0.427,0.992,0.86,789.0
0.237,1.397,-1.484,1.744,371.0
0.921,2.508,-0.289,1.004,723.0
-1.588,1.685,1.009,2.596,190.0
1.632,2.261,-1.621,1.576,416.0
0.035,1.94,0.444,0.526,431.0
-2.0,1.711,0.029,2.318,176.0
0.172,1.119,-0.665,0.525,188.0
0.223,0.456,0.155,0.666,362.0
-0.164,1.172,-0.091,0.226,184.0
0.105,1.024,1.072,0.886,166.0
0.409,-0.126,0.408,1.69,245.0
0.55,2.901,0.209,-0.858,294.0
-0.717,0.556,-0.274,0.262,376.0
-0.441,0.457,0.701,2.076,570.0
2.092,1.374,1.239,0.063,702.0
-0.751,1.849,-0.098,2.208,303.0
-0.481,0.682,-0.157,2.615,541.0
0.816,-0.209,-0.394,1.635,412.0
1.239,1.936,0.146,1.964,666.0
1.669,2.652,1.435,0.638,867.0
-0.527,0.516,0.501,1.468,332.0
1.36,-0.555,-0.966,1.48,440.0
-1.539,2.311,-0.609,0.543,300.0
0.116,-1.216,1.01,-0.693,237.0
-0.953,0.686,-0.141,2.125,268.0
0.281,0.88,-0.343,2.052,620.0
-0.527,0.957,0.095,2.054,477.0
0.219,0.6,-0.502,0.999,239.0
0.982,0.439,1.028,0.642,540.0
-0.631,2.132,-1.434,-0.779,157.0
1.61,0.627,1.221,2.136,265.0
0.772,2.471,0.447,2.472,888.0
0.39,1.054,0.385,0.653,377.0
-0.252,0.93,0.109,0.4,414.0
0.306,1.041,1.134,-0.138,492.0
1.159,1.785,0.851,1.849,459.0
1.798,0.285,-0.583,1.426,361.0
0.262,1.577,1.179,2.013,238.0
-0.673,-0.2,-0.582,1.577,804.0
-0.342,1.043,0.304,0.774,710.0
0.026,0.557,0.01,0.102,227.0
1.474,1.745,-0.759,0.957,847.0
-2.0,0.134,0.582,-0.064,151.0
-0.589,1.287,0.049,1.855,219.0
0.65,2.158,0.157,0.804,372.0
-0.254,0.355,0.086,0.494,356.0
0.507,1.706,-0.229,-0.075,349.0
-0.15,-0.602,-1.175,-0.069,240.0
0.233,3.074,1.513,0.126,590.0
-0.4,0.893,0.36,1.203,531.0
-1.49,0.718,1.128,0.956,179.0
-0.552,2.989,0.339,0.279,198.0
-1.327,2.695,-2.098,1.316,375.0
0.366,1.093,-0.503,2.274,725.0
-0.161,-0.113,0.553,-0.572,213.0
-0.032,1.715,-0.148,1.233,369.0
0.54,2.757,-0.994,2.55,861.0
0.449,0.944,0.381,1.207,841.0
-0.977,-1.801,1.252,1.315,212.0
-0.589,1.197,-0.762,-0.322,311.0
-0.532,1.02,-0.097,0.544,382.0
1.765,0.157,-0.426,-0.997,107.0
-0.309,2.028,0.195,-0.541,207.0
2.569,-1.578,1.201,1.357,654.0
-0.67,0.804,-0.83,-0.028,241.0
-0.698,-0.563,1.334,2.188,504.0
-0.715,0.898,-2.111,2.032,216.0
-1.693,1.929,-1.176,1.247,242.0
0.046,1.175,-0.418,3.078,566.0
0.102,1.08,-0.065,-0.247,266.0
-2.0,2.14,0.542,1.289,176.0
1.674,2.892,-0.635,-0.33,475.0
2.036,1.147,-0.842,0.638,255.0
-1.318,-0.465,-1.67,1.754,273.0
1.222,1.885,-1.068,2.876,1209.0
0.363,-0.025,-0.002,-1.157,147.0
0.228,2.472,-1.933,1.813,583.0
0.914,-0.196,-0.464,-1.276,234.0
-0.931,1.028,-0.859,2.184,284.0
0.179,-0.817,0.707,-0.301,374.0
0.237,1.853,-0.676,1.41,718.0
1.97,1.959,0.25,3.073,314.0
-1.995,1.484,1.533,2.207,177.0
-1.047,0.859,1.171,0.58,236.0
-0.59,0.803,-0.097,0.411,169.0
-1.208,-0.836,-2.333,0.99,280.0
-0.613,1.487,-1.196,0.907,335.0
0.388,2.332,-0.116,1.827,824.0
0.035,1.619,-2.137,2.364,303.0
-0.541,1.895,-0.92,0.187,388.0
-0.608,1.012,-0.476,0.481,219.0
1.566,0.57,-1.987,1.15,340.0
-0.524,1.39,1.201,0.338,347.0
0.389,2.263,0.071,0.869,528.0
0.506,2.498,0.861,1.568,454.0
1.911,1.132,-1.492,0.209,373.0
0.231,0.432,-0.877,0.905,260.0
-1.157,-0.299,-1.012,1.98,388.0
-0.609,-0.308,0.173,0.653,511.0
-2.0,2.09,1.068,0.821,126.0
-1.994,1.954,-1.191,1.571,177.0
0.06,0.569,0.505,0.452,368.0
-0.257,-0.235,1.705,0.572,373.0
0.381,1.294,-0.545,0.714,241.0
-0.034,1.199,0.081,2.853,603.0
0.246,0.398,-0.36,-0.354,328.0
0.331,3.475,0.672,2.625,895.0
0.92,1.352,-0.122,3.211,820.0
0.15,0.495,-0.829,1.081,395.0
0.774,2.528,0.167,-0.309,512.0
2.325,1.544,-1.426,0.025,300.0
0.469,1.159,1.448,-0.155,283.0
-0.204,0.936,0.985,0.032,286.0
-1.144,0.045,0.19,0.019,173.0
0.653,1.499,2.328,2.199,939.0
-0.785,0.891,0.363,0.853,186.0
-0.872,1.587,1.484,0.631,613.0
-0.53,0.283,-0.628,2.031,342.0
-0.35,1.871,-0.437,-0.004,198.0
1.067,1.629,-0.143,1.752,980.0
0.365,1.321,-0.635,1.455,763.0
-0.01,1.67,-0.292,1.106,657.0
-0.202,1.067,0.365,-0.008,383.0
-0.174,2.707,-0.716,0.989,948.0
0.693,0.469,0.468,3.129,497.0
0.785,1.321,0.731,0.24,828.0
2.211,-0.0,0.53,1.108,501.0
-0.182,0.153,-0.656,1.642,448.0
0.217,1.399,0.838,1.669,237.0
-0.402,0.37,-1.563,-0.061,230.0
0.796,2.656,-2.333,1.016,830.0
1.444,2.977,0.598,-1.083,311.0
-1.447,0.559,0.695,0.035,270.0
0.001,1.375,0.122,1.278,209.0
-0.416,0.151,0.78,-0.089,158.0
-1.371,1.055,0.955,-0.183,270.0
1.018,-0.299,-0.572,0.36,393.0
1.617,0.088,-0.187,1.718,267.0
0.404,1.512,-0.366,-0.338,351.0
-1.679,2.382,-0.575,-0.207,90.0
1.098,2.136,0.663,2.627,1148.0
-0.036,-0.934,0.573,0.62,487.0
0.195,1.06,1.18,1.584,768.0
0.154,1.779,0.712,1.213,945.0
-0.453,2.738,-2.214,0.097,372.0
0.349,1.251,-2.265,0.08,263.0
0.175,2.661,-1.326,2.521,984.0
0.652,0.649,0.552,0.699,715.0
0.5,-0.395,0.509,1.319,504.0
-1.636,0.076,-0.481,0.62,250.0
0.705,1.635,-1.94,3.811,386.0
0.603,-0.57,1.381,2.551,1054.0
-0.633,1.461,-0.577,2.941,796.0
1.695,0.577,-0.905,0.315,194.0
-0.667,-1.543,-0.902,0.449,456.0
-1.946,0.079,0.349,-0.555,58.0
0.479,1.518,-0.017,2.328,737.0
-1.821,2.282,0.235,-0.523,71.0
0.301,1.785,-0.999,1.949,332.0
-1.419,0.972,0.104,1.686,311.0
-0.295,0.446,2.88,1.539,642.0
-0.027,0.419,1.347,3.138,388.0
-0.48,0.749,-2.333,2.471,222.0
-0.538,-0.945,-0.195,-0.072,365.0
-0.559,-0.476,-0.572,2.615,546.0
-0.081,1.295,0.156,0.626,357.0
0.859,1.105,2.004,2.927,405.0
-1.163,1.326,-0.783,1.331,171.0
0.477,1.656,-0.65,1.38,896.0
-1.531,1.668,-0.228,0.138,131.0
1.43,-0.37,-0.06,1.588,556.0
-0.756,1.715,0.316,1.144,389.0
0.761,0.068,0.934,2.538,756.0
0.191,0.894,-0.786,1.347,322.0
-0.213,1.661,1.066,-0.368,139.0
-0.764,1.697,2.331,0.8,509.0
-2.0,1.336,-0.574,0.963,176.0
0.595,0.932,-0.251,-0.849,175.0
1.05,2.351,0.212,-0.271,853.0
0.632,1.474,0.266,0.776,230.0
-1.224,2.843,0.32,1.866,517.0
-0.327,0.32,-1.653,2.014,371.0
0.063,0.775,1.129,-0.731,301.0
-2.0,3.223,-0.346,1.424,176.0
0.274,-0.312,0.427,0.956,371.0
-0.62,0.835,1.089,-0.229,86.0
-0.815,1.876,-0.988,0.833,621.0
0.915,-0.481,1.925,1.704,677.0
-0.96,1.299,-1.092,3.165,252.0
-0.184,1.061,-0.071,2.175,472.0
0.423,1.686,0.727,3.493,786.0
-0.647,0.826,-1.023,2.481,548.0
0.392,3.453,0.965,1.077,700.0
-0.698,0.413,0.643,-0.15,155.0
0.193,1.89,0.337,2.313,414.0
1.761,1.723,-1.564,0.828,264.0
0.693,0.246,-0.858,0.788,173.0
0.884,2.411,-0.697,1.155,612.0
-1.327,1.243,-0.387,-1.549,102.0
0.226,0.504,-0.643,0.995,665.0
-2.0,0.828,-0.22,1.535,177.0
0.157,2.166,-0.174,1.403,325.0
-1.73,1.604,0.2,1.139,186.0
-1.381,0.924,-0.483,0.785,279.0
0.55,1.374,1.121,-0.095,258.0
2.162,2.868,2.021,1.131,354.0
-1.731,1.651,-0.938,1.601,214.0
-1.051,1.627,-0.08,2.042,242.0
-0.439,1.537,0.192,2.091,369.0
0.007,0.091,0.56,2.096,556.0
-0.337,0.478,0.264,1.74,359.0
-1.08,1.505,1.285,1.742,465.0
-0.342,1.144,-0.949,1.091,395.0
0.17,0.132,0.04,1.657,653.0
0.35,3.206,0.157,0.449,478.0
-0.034,0.746,0.384,1.756,364.0
-0.473,0.591,0.577,3.163,223.0
-0.984,0.511,0.089,1.553,421.0
0.994,-0.084,-0.672,0.471,376.0
1.194,0.79,-0.149,2.019,566.0
-0.111,0.962,0.558,0.267,395.0
-0.941,1.004,-2.333,1.683,326.0
-0.708,1.56,-0.154,1.057,302.0
1.169,3.429,0.341,1.32,654.0
0.824,-0.191,0.253,1.137,819.0
-1.578,1.382,-1.512,1.491,298.0
-0.998,0.054,-0.897,1.054,262.0
0.94,2.549,-0.449,-0.525,87.0
0.479,1.495,1.317,3.046,530.0
0.035,-1.348,-0.18,0.272,236.0
-1.49,4.05,1.694,1.505,560.0
0.903,1.45,0.318,-1.292,86.0
0.062,0.323,1.21,2.777,634.0
1.953,2.852,0.417,2.111,928.0
-2.0,0.159,-1.243,1.324,177.0
1.107,0.17,0.958,-1.116,221.0
0.22,1.584,0.821,0.181,404.0
-0.203,1.273,-0.294,-0.005,142.0
-2.0,-0.695,1.001,1.712,177.0
-2.0,-1.176,0.616,2.25,177.0
0.727,1.055,0.738,2.817,685.0
1.019,-0.962,0.863,0.984,648.0
1.574,-0.088,-0.616,0.328,336.0
-0.318,0.648,-1.075,-0.025,179.0
-0.656,1.874,-2.302,2.554,360.0
-0.775,0.454,0.349,2.22,215.0
-0.391,0.676,0.8,1.948,385.0
-0.547,2.034,-0.476,0.533,399.0
-1.083,1.428,2.371,2.89,205.0
2.312,1.518,-0.508,-0.13,430.0
0.674,2.618,1.001,1.017,728.0
0.499,0.281,-0.297,0.809,219.0
-1.062,0.314,0.793,2.778,207.0
-0.913,0.999,-1.672,0.825,211.0
0.463,2.221,0.018,1.221,720.0
-0.244,2.847,-0.432,2.083,329.0
-1.366,2.112,0.023,0.47,153.0
-0.428,0.083,2.557,1.628,364.0
-0.806,0.086,-0.583,0.74,235.0
-0.783,1.154,0.688,0.916,323.0
0.385,1.694,0.374,2.049,607.0
0.018,0.315,0.665,2.253,695.0
-2.0,1.326,1.981,0.444,147.0
0.751,1.858,0.457,1.256,246.0
-0.703,0.185,-1.584,1.84,539.0
-0.144,-0.068,-1.162,0.825,572.0
0.144,1.46,1.712,2.461,393.0
0.749,0.772,0.825,2.608,510.0
-0.777,0.688,-0.952,0.839,217.0
-0.744,1.131,0.166,0.428,180.0
-0.407,1.214,-0.201,0.424,491.0
0.162,3.511,1.431,3.681,1033.0
-0.561,1.683,0.048,0.826,480.0
-0.039,1.318,1.789,0.947,444.0
0.668,1.145,-1.694,1.608,612.0
0.75,1.392,2.071,0.322,619.0
0.383,-0.731,-0.726,1.465,246.0
-0.051,-0.421,-0.422,0.36,334.0
-0.815,0.602,-1.705,1.289,767.0
1.497,-0.156,1.19,0.02,698.0
-1.45,0.871,-0.36,1.572,195.0
-1.083,1.804,-0.468,0.395,314.0
-0.534,-1.019,0.406,1.999,452.0
0.975,2.358,-0.334,2.617,919.0
-0.537,0.698,-0.29,0.604,434.0
-0.448,0.033,-2.143,-0.047,173.0
1.578,2.029,-0.677,0.921,1043.0
-0.611,-0.374,-1.309,1.408,318.0
-0.181,0.44,0.419,2.895,817.0
-1.303,0.73,-0.429,1.329,289.0
0.494,0.831,-1.291,1.152,417.0
-0.243,1.631,-0.442,1.581,369.0
1.16,2.139,-1.631,0.96,511.0
0.331,2.493,-0.491,1.859,901.0
0.303,2.729,0.867,1.795,506.0
1.573,0.095,0.23,0.685,651.0
-0.603,0.195,1.219,1.13,342.0
-2.0,1.667,-0.57,1.869,176.0
1.679,0.863,1.763,1.865,404.0
-0.67,1.95,-0.359,1.263,471.0
-1.03,-1.469,-0.797,-0.329,357.0
0.247,0.93,-1.17,-1.006,243.0
0.198,0.767,2.858,2.133,528.0
-2.0,-0.691,-0.39,-0.845,78.0
1.834,0.231,0.96,-0.302,373.0
-1.022,0.083,0.774,2.073,468.0
-0.063,1.124,-1.971,0.143,302.0
0.366,1.247,2.111,-0.609,545.0
0.224,1.961,-0.498,1.876,701.0
-0.16,1.842,-1.191,2.175,555.0
0.368,0.568,-0.777,1.953,865.0
1.258,0.893,0.308,0.952,432.0
0.552,-0.053,-1.518,0.409,570.0
0.765,0.954,0.031,0.904,249.0
0.739,1.691,0.859,2.484,594.0
-0.63,1.216,-0.08,1.651,734.0
0.446,-1.088,-1.482,0.265,202.0
0.095,1.918,0.297,1.763,521.0
-0.356,2.973,2.196,1.018,790.0
-0.931,0.747,0.029,0.048,363.0
-1.882,1.159,0.274,-0.692,73.0
2.107,1.115,-2.05,1.226,388.0
0.996,2.425,-1.651,1.332,524.0
1.228,1.853,-1.122,1.848,747.0
0.74,2.285,0.586,0.998,571.0
-0.58,0.317,-0.04,1.025,220.0
1.39,2.761,0.509,1.183,888.0
0.279,1.725,0.998,2.458,704.0
-1.043,-1.049,-0.607,1.12,237.0
-0.752,-0.447,-0.713,1.517,217.0
-0.007,1.018,0.275,1.694,563.0
0.173,1.847,0.158,0.468,201.0
-0.823,1.857,2.094,1.229,547.0
0.015,1.052,0.195,1.601,395.0
0.366,-0.555,1.303,0.289,737.0
0.983,-0.232,1.305,2.867,396.0
1.14,-0.311,1.035,0.316,449.0
-0.902,1.806,0.259,0.623,405.0
-1.129,0.765,0.102,0.342,264.0
-0.177,0.339,1.288,1.972,834.0
0.242,0.497,-0.979,-0.183,216.0
-0.181,1.17,0.852,1.972,776.0
1.887,2.447,-1.151,0.918,816.0
0.486,-0.839,1.954,0.992,248.0
0.404,0.838,1.2,1.304,386.0
1.547,1.109,-0.632,1.415,688.0
0.536,0.015,1.611,2.888,399.0
-0.402,0.503,0.61,-0.002,282.0
1.721,0.936,-1.436,1.249,414.0
-0.653,-0.385,0.702,2.585,404.0
1.196,1.442,0.106,1.492,780.0
-0.706,0.369,0.582,-0.035,246.0
1.215,0.025,0.499,-1.788,90.0
0.226,2.655,0.829,1.996,1205.0
0.066,1.267,0.662,-0.262,453.0
0.511,0.326,0.458,-0.701,109.0
-0.867,-0.081,0.525,1.811,600.0
-2.0,0.297,-1.154,3.269,177.0
0.258,1.655,0.088,0.492,751.0
0.204,1.023,0.102,-0.906,89.0
-0.278,0.599,-0.156,2.416,349.0
0.275,2.462,-0.18,0.562,916.0
0.242,-0.344,-1.957,1.867,554.0
1.669,0.699,-0.62,-0.211,195.0
1.222,1.278,1.075,1.449,735.0
-0.738,0.845,0.188,0.839,346.0
-1.007,0.8,-0.642,0.884,208.0
-0.669,0.806,-1.008,1.709,217.0
-0.129,2.902,1.237,0.261,690.0
0.259,0.895,-0.075,1.679,239.0
-0.702,1.391,0.087,1.518,445.0
2.14,2.31,0.469,0.183,930.0
-0.469,0.795,1.371,2.965,384.0
0.862,0.378,0.422,0.093,229.0
0.374,2.007,0.555,1.9,729.0
0.871,1.066,0.237,2.155,739.0
0.553,1.779,0.419,2.11,527.0
0.19,0.286,-0.05,0.762,758.0
0.364,1.103,1.314,1.569,692.0
-0.168,2.699,-0.662,1.185,879.0
-0.94,1.508,0.885,1.064,727.0
0.556,0.385,-0.629,0.003,674.0
-0.713,0.847,-1.503,1.42,301.0
0.501,1.09,-0.082,3.082,485.0
0.312,1.38,1.488,0.624,725.0
-0.116,0.965,1.609,0.102,207.0
0.287,1.544,-1.182,0.354,238.0
-1.301,0.765,0.86,0.186,208.0
-0.017,0.44,-0.029,0.452,245.0
-0.845,0.59,0.153,-0.403,183.0
0.769,1.099,0.465,3.161,249.0
-1.024,2.223,0.461,1.307,299.0
0.385,1.484,-0.848,1.258,308.0
2.04,0.067,-1.496,1.312,346.0
-0.794,-0.433,0.715,3.034,552.0
1.307,2.266,1.04,0.341,292.0
0.463,2.486,-0.206,1.785,720.0
-0.029,1.613,-0.141,1.377,614.0
-0.56,0.692,1.6,3.122,500.0
1.554,0.139,-0.413,1.311,460.0
1.529,-0.122,0.68,1.08,661.0
0.626,0.401,-0.169,-1.789,84.0
-0.529,2.821,-1.402,0.162,585.0
-2.0,0.253,-1.083,-0.1,144.0
1.598,0.986,0.83,0.856,380.0
-1.835,0.237,-1.506,-0.278,88.0
1.436,2.786,-1.53,-0.787,151.0
-1.604,-0.14,0.302,1.201,191.0
1.083,2.164,-1.271,1.981,722.0
-0.803,-0.893,0.61,0.305,411.0
-0.811,0.384,-1.793,1.491,449.0
-1.37,0.904,-1.025,0.87,219.0
1.385,1.957,-1.406,-0.589,143.0
-1.712,0.131,0.642,2.13,187.0
-0.311,1.195,-0.4,1.787,662.0
-2.0,1.507,1.261,0.838,141.0
1.165,2.288,1.041,1.225,841.0
0.698,1.089,0.829,1.323,906.0
-0.635,0.702,1.034,0.874,390.0
-2.0,2.391,-0.601,1.245,156.0
-0.976,0.675,-0.784,0.284,204.0
1.602,1.007,1.345,1.113,226.0
-0.61,2.377,-0.571,0.67,515.0
-0.263,2.098,-0.796,-0.213,290.0
-0.297,0.886,1.308,-0.201,542.0
-0.459,2.12,0.33,1.71,650.0
-0.315,3.19,0.163,3.237,803.0
0.375,-0.615,0.281,0.734,419.0
-0.629,1.087,-0.537,2.157,607.0
-0.228,0.304,1.059,0.598,198.0
-0.703,0.39,-1.301,0.631,485.0
0.131,1.108,0.24,0.451,514.0
0.096,0.36,1.062,0.885,620.0
-0.319,-0.616,-1.352,0.468,479.0
-0.252,0.391,0.532,1.177,198.0
0.283,0.228,-0.177,-1.833,80.0
0.522,1.042,0.836,3.296,525.0
-0.52,-0.362,-0.934,-0.366,107.0
-0.811,1.119,0.726,1.06,213.0
-0.436,-1.703,0.216,1.074,496.0
0.06,1.51,-0.123,0.785,214.0
-1.424,2.35,-0.292,1.086,176.0
0.51,1.245,-0.251,1.473,628.0
0.042,0.59,-0.006,1.001,626.0
0.332,-0.118,-0.861,1.518,243.0
-2.0,-0.062,0.029,1.245,177.0
-1.513,0.998,-0.24,0.975,115.0
0.103,-0.095,-1.775,0.304,156.0
1.112,1.321,1.679,1.097,525.0
-0.925,2.378,2.401,1.63,252.0
0.162,0.422,-0.32,2.209,595.0
0.647,2.257,1.173,0.076,313.0
-1.569,0.792,-0.142,0.902,115.0
1.063,-0.168,-0.953,0.379,477.0
-1.15,0.943,-0.409,2.787,458.0
0.745,1.832,-0.124,1.098,597.0
0.875,0.467,0.822,0.01,422.0
-1.355,1.028,-0.268,2.07,198.0
-1.005,0.791,0.534,0.561,509.0
0.121,1.575,-0.716,-1.038,78.0
-0.135,0.635,0.351,2.511,759.0
-0.179,-0.142,0.528,0.031,161.0
-0.408,2.86,-0.523,-0.042,541.0
-0.119,1.302,3.076,1.484,230.0
-0.644,1.63,1.036,2.001,844.0
0.471,2.715,1.398,0.775,935.0
0.984,1.299,-1.327,-0.09,333.0
-1.546,2.11,0.084,1.492,169.0
1.027,0.206,-1.027,1.427,231.0
0.353,0.895,-0.168,2.006,624.0
-1.059,0.956,0.189,1.689,207.0
-0.908,1.94,-0.251,1.481,640.0
-1.07,-0.32,-1.928,1.363,208.0
0.815,1.115,-0.721,-0.358,193.0
0.641,0.583,-0.298,3.573,833.0
-2.0,0.699,-1.567,0.231,131.0
-0.47,0.734,0.527,-1.067,125.0
0.308,1.195,-0.407,1.748,239.0
1.508,0.473,0.948,0.979,234.0
0.107,0.587,-1.15,1.84,435.0
-0.971,0.947,-1.391,0.825,199.0
-1.101,1.685,1.183,1.454,671.0
0.686,0.917,-1.38,-0.017,480.0
-0.792,0.485,-2.019,0.755,319.0
0.849,0.61,-0.954,2.369,330.0
0.633,1.592,0.346,0.548,721.0
0.998,1.198,0.132,-0.351,115.0
0.876,1.425,-1.309,0.281,704.0
-0.691,1.114,0.221,-0.846,265.0
-1.483,0.278,0.075,0.663,188.0
-1.466,-0.581,0.419,-1.423,67.0
-0.7,-1.695,1.959,0.838,220.0
0.458,1.846,0.734,1.447,648.0
0.57,2.133,0.519,0.105,333.0
1.41,0.35,-1.037,0.603,400.0
0.142,2.532,0.303,2.339,709.0
0.586,1.146,0.251,0.946,542.0
-0.253,1.177,-0.077,0.872,597.0
0.42,1.457,0.487,0.127,463.0
-0.344,0.248,0.527,3.144,227.0
-1.274,-0.492,0.1,2.395,567.0
-0.491,0.823,-0.1,2.349,548.0
0.413,1.227,1.45,1.779,318.0
0.207,-0.569,-0.566,0.928,241.0
0.07,1.779,0.035,0.121,578.0
-1.115,1.769,0.753,1.352,315.0
1.507,1.647,-0.649,0.61,613.0
-0.357,0.174,0.41,1.663,379.0
-0.497,2.918,0.927,0.922,539.0
-2.0,1.325,1.88,2.456,177.0
1.179,-0.245,0.847,-0.36,337.0
-2.0,1.547,-0.484,1.908,176.0
-1.718,-0.599,0.839,0.623,164.0
1.793,0.694,-0.12,0.748,268.0
-0.533,1.079,-0.285,1.325,320.0
0.081,2.129,0.11,1.078,405.0
-0.876,0.585,0.007,0.914,272.0
-0.227,1.228,-0.72,1.556,364.0
1.583,1.459,0.758,1.924,688.0
-0.677,0.553,-0.37,1.773,316.0
-0.408,1.381,1.109,0.676,174.0
-1.083,1.888,-1.44,1.174,296.0
-1.092,2.764,-0.888,1.337,604.0
0.63,1.713,-0.443,1.35,477.0
-0.001,1.216,-0.586,1.79,441.0
-1.402,0.433,0.524,2.238,347.0
0.018,1.321,-0.737,2.304,599.0
-1.0,2.296,0.792,0.757,138.0
-1.425,0.762,-1.042,-0.451,127.0
0.678,0.082,0.287,2.631,370.0
-0.152,-0.235,1.262,0.93,437.0
1.269,0.466,1.355,-0.367,487.0
0.029,-0.237,0.867,-0.518,307.0
-2.0,2.317,-0.147,0.386,128.0
0.076,1.26,-0.757,1.509,715.0
-0.265,1.02,0.081,0.27,598.0
-0.02,-1.252,0.687,1.876,768.0
-1.635,2.749,-0.639,0.82,75.0
-0.659,1.457,-0.68,2.003,309.0
0.519,-1.232,1.722,1.766,406.0
-1.825,2.067,-0.743,1.181,127.0
-0.396,1.375,0.525,0.922,438.0
0.072,0.296,0.43,1.76,475.0
-0.301,1.899,-1.126,2.091,473.0
0.181,0.404,-1.412,1.181,378.0
0.23,0.996,0.822,2.853,715.0
-0.595,1.013,-1.071,1.514,219.0
0.456,-0.432,2.104,0.955,337.0
1.661,0.944,0.252,-0.374,354.0
-2.0,0.368,-1.111,0.763,177.0
-0.156,1.875,1.429,1.735,313.0
-0.952,1.543,-2.333,1.867,220.0
-0.485,2.064,0.258,1.938,1006.0
-0.651,2.352,-0.307,2.41,591.0
0.226,1.239,-1.035,0.769,282.0
0.418,2.186,-0.955,1.557,271.0
-1.365,0.44,1.6,1.227,180.0
0.953,1.795,-0.088,0.316,231.0
1.473,-0.104,-0.193,-1.63,93.0
-0.23,1.089,-0.914,0.375,426.0
0.488,1.292,-0.245,1.817,462.0
-0.054,0.103,-0.126,1.614,702.0
-0.631,-2.12,1.796,1.906,222.0
-1.544,-0.069,1.62,2.253,192.0
-1.187,1.131,-0.554,1.961,204.0
0.35,1.428,-0.241,-0.382,398.0
-0.612,-0.505,-0.131,0.47,549.0
-0.292,-0.354,0.141,2.264,336.0
-1.113,-0.878,0.913,1.6,294.0
1.556,0.448,-1.251,-0.538,274.0
0.542,0.97,0.505,1.828,463.0
0.175,-0.264,-1.868,-0.226,252.0
0.226,1.325,0.049,-0.38,88.0
-0.891,3.383,-0.142,1.429,672.0
-1.846,1.818,-0.149,2.132,182.0
-0.276,1.012,1.353,1.336,495.0
-0.695,0.546,0.49,-0.577,179.0
0.615,-0.971,-0.025,0.581,251.0
1.786,0.691,1.181,2.577,1173.0
0.236,-0.632,0.258,0.424,417.0
1.833,1.497,-0.512,0.964,757.0
0.177,-0.439,0.862,1.983,240.0
-0.645,2.019,0.76,2.643,534.0
0.894,-0.832,0.202,0.28,342.0
-0.996,0.463,-0.732,-0.329,116.0
-0.361,0.039,-0.137,2.519,473.0
2.393,-0.414,-0.701,0.968,525.0
1.991,1.553,-0.605,2.047,356.0
0.949,-0.189,-0.116,1.675,341.0
0.254,1.71,-0.575,0.305,432.0
-0.677,1.367,1.069,0.991,498.0
1.295,2.107,1.197,1.587,845.0
-0.557,1.894,-1.012,0.952,278.0
0.829,1.069,0.597,0.947,269.0
-0.592,4.117,-0.815,1.224,607.0
0.321,-0.27,0.392,0.333,477.0
0.205,1.198,0.948,1.248,322.0
0.002,2.399,-1.048,-0.58,243.0
0.544,0.963,-0.871,0.693,218.0
0.361,0.811,1.71,2.496,242.0
-1.684,0.982,-1.621,2.475,221.0
0.162,1.557,-0.11,2.05,746.0
-0.207,1.557,-1.198,0.647,374.0
0.335,0.837,-1.155,0.056,346.0
-1.348,0.398,0.038,0.728,199.0
0.566,0.864,-0.506,1.251,477.0
-0.614,-1.629,0.576,0.024,222.0
-0.987,1.916,0.315,-0.685,254.0
-0.323,1.245,-1.051,0.372,327.0
-0.944,0.95,0.689,1.464,265.0
-0.191,-0.238,0.998,-0.227,376.0
-0.102,0.42,0.295,1.068,221.0
0.234,0.627,0.474,1.819,651.0
2.345,1.889,0.206,-1.016,300.0
-1.274,1.204,-0.037,2.804,308.0
1.772,0.966,0.275,1.396,295.0
0.625,0.5,-0.304,1.877,602.0
0.274,2.853,-0.352,2.666,526.0
1.854,1.192,-2.212,2.442,267.0
-0.879,0.379,1.037,2.933,571.0
1.213,1.099,0.529,1.607,499.0
0.402,1.572,-0.269,1.304,461.0
1.095,-0.585,0.977,1.226,537.0
0.738,-0.416,-0.253,-0.66,146.0
1.068,3.057,-1.058,2.206,603.0
-1.966,-0.352,-0.674,0.694,83.0
-0.237,0.68,1.157,0.314,197.0
1.343,1.875,-0.067,1.237,769.0
0.474,1.079,2.905,0.845,877.0
-1.414,1.333,-0.185,1.849,196.0
0.25,1.64,1.651,1.299,833.0
-0.709,0.639,-0.746,1.535,248.0
-0.517,1.779,-0.287,1.176,451.0
0.229,2.134,-0.206,1.424,526.0
-2.0,-0.575,1.907,-0.044,177.0
-0.453,2.207,0.378,1.258,399.0
1.079,1.277,-0.381,0.427,221.0
-0.488,2.068,0.409,1.056,188.0
-0.461,1.175,0.656,0.496,405.0
-1.177,1.244,-1.292,0.677,298.0
-0.313,1.544,0.063,1.066,723.0
1.257,0.433,-0.329,-0.386,203.0
-0.329,-0.095,0.763,-0.275,284.0
-0.628,1.188,-0.323,1.192,205.0
-2.0,0.795,0.699,1.05,177.0
-0.699,0.065,0.746,1.499,652.0
0.944,-1.982,1.27,0.45,260.0
0.646,1.456,0.02,-0.667,449.0
-1.038,2.374,-0.438,-0.062,281.0
1.433,0.313,1.192,0.096,701.0
0.084,1.477,1.105,-0.911,195.0
-0.208,1.401,0.351,0.046,370.0
0.526,0.222,-1.239,0.797,310.0
1.32,-0.337,1.685,0.382,236.0
0.477,-0.24,1.717,0.727,544.0
-0.004,-0.233,1.19,-0.464,213.0
-0.256,1.291,-0.388,0.54,338.0
-1.558,1.487,-1.658,0.37,158.0
1.79,1.03,-0.378,2.803,361.0
0.414,1.316,0.514,0.799,212.0
-1.083,1.296,-0.42,-0.028,120.0
-0.974,-0.745,-1.182,-0.008,317.0
0.823,0.48,1.509,0.043,287.0
-1.957,0.352,0.742,1.363,178.0
-0.89,1.6,-0.068,1.8,521.0
1.146,1.967,0.566,1.104,760.0
1.595,0.403,0.605,2.426,477.0
-0.926,2.208,-0.227,-0.803,314.0
-0.078,0.452,-0.075,1.326,353.0
-0.222,-1.62,0.848,0.522,233.0
-0.643,0.37,-0.439,0.549,607.0
-0.829,1.699,-0.409,2.281,785.0
0.283,1.611,0.069,1.799,467.0
0.097,0.36,1.774,-0.112,541.0
-0.302,1.88,-0.836,0.551,754.0
-0.396,2.034,0.586,0.296,768.0
-0.497,0.583,0.059,1.377,503.0
-0.105,0.741,-1.202,-1.068,83.0
0.75,0.33,-0.896,-0.172,252.0
0.695,0.804,-0.126,1.255,211.0
-0.029,1.942,0.495,1.531,693.0
-0.294,1.417,0.165,-0.28,296.0
-0.412,2.473,-0.85,2.287,703.0
-0.091,0.13,0.134,1.537,419.0
0.198,1.924,0.691,1.639,650.0
0.079,0.684,-0.219,1.114,208.0
-1.07,2.91,0.383,1.051,438.0
0.334,1.261,0.534,0.046,267.0
0.649,1.437,0.761,1.425,535.0
-0.997,1.258,-0.807,2.664,208.0
0.351,1.359,-0.23,-0.679,288.0
0.549,-0.239,0.352,3.131,496.0
0.675,0.209,-0.654,-0.094,385.0
-0.433,-0.605,-1.829,1.581,523.0
0.706,-0.002,1.784,0.763,805.0
0.833,1.329,-0.571,0.822,202.0
1.235,0.972,1.444,3.577,258.0
1.077,0.857,0.183,1.646,669.0
2.098,0.704,-0.634,0.9,433.0
-0.667,0.93,-0.058,1.317,652.0
-0.719,0.542,0.692,1.389,216.0
-0.802,0.608,0.891,0.593,202.0
0.944,1.94,-1.023,1.355,645.0
-0.439,0.959,0.734,2.361,223.0
1.583,1.7,-0.709,1.488,744.0
1.849,1.97,-1.654,1.345,759.0
1.47,0.986,0.898,2.764,724.0
-0.029,0.997,-0.435,1.801,409.0
0.679,2.144,-0.1,1.789,859.0
0.307,0.776,-2.333,1.819,305.0
1.117,2.179,-0.331,0.74,407.0
0.321,1.059,-0.842,2.43,635.0
-0.02,2.809,-1.529,2.174,797.0
-1.666,0.5,0.357,1.389,355.0
0.01,2.577,0.306,1.341,745.0
0.01,2.111,1.731,2.083,551.0
-0.533,1.776,-0.754,1.518,534.0
-0.564,-0.517,0.267,0.49,536.0
0.08,0.886,-1.731,1.028,510.0
1.723,0.674,-0.39,1.7,609.0
1.105,1.378,-1.377,-0.647,461.0
-0.862,-0.607,0.911,1.535,485.0
-1.474,-0.481,-1.884,2.393,223.0
0.929,1.843,-0.483,1.871,715.0
1.06,0.379,0.517,1.075,496.0
0.579,0.776,0.159,0.143,492.0
-0.374,1.505,-0.392,0.766,573.0
0.965,2.367,0.248,1.154,582.0
0.222,0.203,-1.096,1.96,549.0
0.691,1.295,0.818,1.039,604.0
-0.375,-0.706,0.378,1.689,487.0
-0.171,-0.406,1.257,1.983,387.0
-0.434,0.935,1.193,1.32,568.0
0.227,1.206,-0.517,1.444,493.0
0.871,1.118,0.298,1.981,676.0
-1.114,0.561,-0.184,0.004,546.0
-0.383,1.421,-0.46,2.769,338.0
-1.565,-1.006,0.766,1.196,261.0
0.233,0.687,-0.714,0.74,417.0
-0.152,1.832,1.263,0.569,448.0
0.653,1.319,0.371,-0.015,470.0
0.165,1.994,1.139,2.025,789.0
0.993,1.548,-0.632,0.478,618.0
2.191,1.428,1.473,1.856,397.0
-0.912,1.283,1.052,0.88,194.0
-1.772,0.18,-0.055,2.522,185.0
0.7,1.133,-0.946,-0.56,149.0
-0.238,1.865,-0.969,-1.012,245.0
1.93,1.031,-1.65,1.113,310.0
0.016,1.718,-0.445,2.862,452.0
-0.142,2.348,0.108,1.039,562.0
-0.742,0.597,0.052,0.383,446.0
1.394,2.684,1.997,-0.191,597.0
0.337,1.971,-1.806,0.652,193.0
1.756,-0.286,-0.015,1.456,489.0
-0.581,1.827,-0.825,-0.558,410.0
1.653,0.081,-1.041,-1.833,178.0
1.53,1.405,-1.488,2.331,477.0
-0.438,1.483,1.709,1.719,346.0
-0.572,1.025,-1.231,-0.031,186.0
1.557,2.891,0.098,-0.091,569.0
-1.9,-0.489,-0.832,0.948,180.0
0.811,0.138,-0.375,0.551,533.0
-0.237,-0.273,0.32,-0.059,531.0
-1.731,1.487,0.892,3.041,186.0
-0.171,2.59,2.094,0.735,620.0
0.414,1.888,1.193,2.57,625.0
0.773,1.371,1.176,0.25,643.0
-1.027,2.151,-0.0,0.398,431.0
1.072,1.538,-0.648,1.102,433.0
0.392,0.779,0.303,0.447,297.0
0.508,1.0,0.881,1.087,442.0
-0.423,1.136,0.674,0.713,332.0
-1.905,1.746,-1.414,-0.121,136.0
-2.0,-0.45,-1.278,1.673,177.0
-0.66,0.853,0.663,-0.354,391.0
1.767,1.048,1.361,1.133,328.0
-0.835,1.583,-0.553,1.425,242.0
-1.07,-0.639,1.051,1.122,310.0
0.047,0.436,-0.086,1.799,434.0
-2.0,1.101,-0.895,0.921,167.0
0.048,0.976,0.486,-1.199,77.0
-0.04,-0.253,-1.18,1.613,512.0
1.059,2.531,-0.062,1.157,500.0
0.227,1.612,0.667,1.742,564.0
-1.092,-0.051,0.357,1.348,304.0
0.625,1.872,-0.485,0.897,222.0
0.758,1.021,0.81,0.593,535.0
-0.15,1.918,0.667,0.813,481.0
0.093,1.782,-0.353,0.872,597.0
-0.094,0.514,0.291,1.597,350.0
-0.47,1.323,1.243,1.439,797.0
-0.313,3.02,1.106,-0.698,325.0
-0.43,1.716,-0.35,0.907,475.0
-0.072,1.041,1.168,0.302,487.0
-0.788,-0.202,0.086,1.469,596.0
-0.749,4.161,-0.543,-0.002,631.0
-0.815,-1.861,-1.801,1.82,409.0
-1.677,0.365,0.084,-0.793,102.0
-0.874,1.249,-2.278,0.841,228.0
0.853,0.485,-0.594,0.925,298.0
0.602,0.838,-0.574,-1.684,118.0
0.076,0.82,-0.968,0.111,387.0
-0.487,1.02,-0.039,1.09,456.0
-0.997,0.518,-0.896,1.385,196.0
-0.41,-0.749,0.516,1.419,199.0
-1.255,-0.139,0.601,0.026,277.0
0.28,0.235,1.555,3.357,924.0
-0.491,1.74,0.404,0.399,149.0
-0.202,0.066,0.589,0.428,448.0
-0.573,0.932,-1.039,1.528,491.0
0.974,0.441,0.531,1.962,377.0
-0.08,0.869,-1.428,0.665,383.0
-1.359,1.538,0.116,1.358,610.0
-0.11,1.975,0.731,1.328,934.0
-0.959,0.724,0.108,-0.176,228.0
0.769,0.998,0.481,-0.131,233.0
2.117,1.299,-1.812,2.0,233.0
0.669,2.757,1.713,0.668,608.0
-0.824,0.953,0.011,1.414,311.0
1.031,-1.277,1.052,2.187,261.0
0.842,0.324,-1.23,1.19,338.0
-1.458,1.242,-0.507,1.707,195.0
-1.155,-0.135,-0.331,0.467,358.0
0.105,1.127,0.086,0.786,482.0
-1.202,0.999,-1.319,2.371,383.0
-0.709,-0.234,1.421,-0.045,167.0
-0.791,-0.111,0.084,0.877,514.0
-0.898,1.724,0.571,1.236,546.0
-2.0,0.071,0.886,1.45,177.0
-0.277,1.303,-2.333,1.278,503.0
0.793,0.799,-0.424,2.179,353.0
-1.045,0.437,0.182,-0.042,168.0
0.014,0.505,0.391,3.033,235.0
-0.296,-0.708,-0.503,1.22,344.0
-0.669,1.987,-0.569,0.314,472.0
-0.609,2.037,1.093,0.783,732.0
1.286,1.238,0.145,0.31,470.0
0.697,1.459,-0.437,1.096,734.0
0.411,-0.795,-0.378,0.828,656.0
2.038,0.191,0.5,2.006,606.0
0.494,0.115,0.517,0.401,716.0
0.272,0.577,0.132,0.64,437.0
-0.003,0.924,-0.134,2.293,587.0
-1.293,0.614,0.104,-0.151,264.0
-0.454,-0.471,-1.02,0.059,168.0
-1.72,0.245,-1.923,0.479,181.0
0.289,1.033,-1.309,0.991,591.0
-0.902,-0.442,0.57,1.268,775.0
1.705,0.647,-0.524,1.933,324.0
-0.378,1.162,-1.448,0.582,507.0
-0.43,0.127,-0.097,0.412,407.0
0.697,0.963,0.755,0.965,570.0
-1.278,0.887,0.23,0.237,280.0
-0.321,0.366,-1.141,-0.047,289.0
1.638,1.436,0.566,1.381,263.0
-0.715,1.383,0.647,1.109,462.0
-0.425,0.074,1.033,1.142,329.0
0.353,1.533,0.58,1.414,358.0
-2.0,0.298,-0.058,1.089,126.0
-1.074,1.172,0.781,3.065,767.0
-1.983,-0.23,0.296,-0.343,124.0
-0.39,1.965,1.257,0.57,548.0
1.164,3.329,1.205,1.342,940.0
0.403,2.392,1.231,0.582,654.0
-0.599,0.727,0.787,0.9,350.0
-0.405,2.191,0.091,0.531,433.0
-2.0,1.369,-0.723,0.298,138.0
0.484,0.973,-0.657,1.581,604.0
-0.371,0.483,-0.605,0.849,393.0
0.26,2.431,0.409,2.505,476.0
-2.0,1.713,0.15,1.212,176.0
0.383,0.753,-1.309,0.8,257.0
0.986,0.643,1.301,2.077,392.0
1.197,-0.35,-0.127,0.57,261.0
0.468,2.482,-0.983,2.179,676.0
0.598,1.371,-0.285,1.933,533.0
-1.247,2.342,-1.054,-0.365,115.0
0.381,0.519,0.334,2.19,367.0
-0.867,-0.055,-0.451,1.296,305.0
2.024,0.143,-0.113,0.666,683.0
0.974,0.942,-1.683,-0.943,143.0
-0.829,1.052,0.563,1.957,319.0
-1.085,3.57,0.634,-0.815,206.0
0.182,0.723,-0.87,0.891,722.0
0.044,1.84,0.493,0.601,337.0
-1.146,0.485,2.043,-0.534,140.0
-0.152,-0.555,-0.67,1.889,184.0
-0.407,3.054,-0.82,2.251,678.0
-0.932,1.35,-0.682,1.124,298.0
-0.504,0.421,0.747,-0.156,287.0
-0.96,1.359,-0.63,-1.167,128.0
-1.059,2.592,1.195,1.121,276.0
0.475,-0.652,-0.258,1.431,359.0
-0.917,1.325,0.398,1.279,354.0
-0.818,2.124,-0.73,0.516,600.0
0.006,1.486,-0.287,0.861,600.0
0.303,1.128,0.552,1.507,594.0
-1.168,0.944,0.205,1.74,203.0
-0.332,2.011,-0.439,1.135,437.0
-0.298,1.842,0.197,3.08,225.0
-1.003,-0.253,0.795,1.636,287.0
0.906,2.656,-0.019,0.527,619.0
0.733,1.484,-0.253,1.063,660.0
0.278,2.518,0.247,0.741,985.0
-0.379,2.86,0.757,1.571,286.0
-2.0,0.065,0.019,0.698,171.0
1.103,2.282,-2.057,1.19,673.0
0.477,0.646,-0.674,2.77,244.0
0.284,2.513,-2.156,0.312,658.0
1.179,0.714,2.593,2.267,667.0
0.19,0.391,0.055,0.533,216.0
0.479,-2.12,-0.299,0.036,250.0
-1.215,2.008,0.536,1.239,209.0
1.561,2.83,1.239,0.749,732.0
0.622,1.704,1.203,1.783,838.0
-0.298,0.247,-0.205,1.213,493.0
-0.403,1.701,1.025,1.29,757.0
-0.561,0.596,0.638,1.084,185.0
-0.359,-0.875,1.273,1.05,362.0
-0.055,1.58,0.504,-0.939,168.0
0.568,0.172,1.973,2.853,1138.0
0.122,1.962,-0.147,2.895,626.0
-0.24,-0.94,0.281,2.189,231.0
2.427,2.093,0.222,0.838,301.0
-1.01,-1.255,0.154,0.694,351.0
-1.278,0.471,-0.713,-0.237,118.0
-1.423,0.984,0.483,-1.149,94.0
-1.19,0.042,2.317,-0.507,263.0
-0.112,1.113,-0.704,2.048,336.0
0.281,3.585,0.51,0.653,730.0
-0.588,1.253,-0.372,-0.076,397.0
1.35,1.45,0.579,0.538,258.0
1.067,1.455,-0.218,0.907,294.0
0.83,0.646,2.878,-0.291,400.0
-0.834,1.841,0.779,0.593,399.0
0.273,-0.423,-0.37,-0.108,226.0
-0.137,4.218,-0.403,2.046,967.0
0.817,2.846,-1.011,0.878,806.0
-0.726,1.898,0.858,1.288,299.0
-1.038,1.417,-0.485,0.963,222.0
0.2,-0.717,-1.968,0.436,449.0
0.134,1.775,0.392,-0.277,309.0
2.022,1.85,-1.088,0.811,428.0
-0.88,2.179,1.074,2.538,580.0
0.547,-0.511,-1.063,0.252,593.0
0.373,2.284,-0.029,3.862,886.0
-0.603,1.855,-1.246,2.562,218.0
-0.485,0.885,0.739,2.233,798.0
1.502,0.849,1.265,2.566,987.0
-0.571,1.002,-1.263,1.332,621.0
0.814,4.358,-0.304,1.412,876.0
0.849,1.515,-0.338,1.266,845.0
-1.337,1.313,-0.204,1.644,347.0
-1.528,1.253,1.617,1.302,192.0
-0.701,-0.707,0.515,1.921,386.0
0.025,0.78,-0.757,1.387,511.0
0.312,0.85,-1.232,0.236,339.0
0.327,0.374,-0.19,3.034,242.0
0.297,1.899,0.368,2.162,430.0
-0.128,-0.521,-0.523,2.978,414.0
0.604,1.448,0.991,0.521,223.0
0.473,0.868,0.107,1.453,244.0
0.487,0.194,0.305,1.819,460.0
0.148,0.091,1.248,2.229,238.0
-0.473,0.705,0.191,-0.026,316.0
-0.708,0.162,-0.861,1.18,217.0
-0.754,2.582,1.714,0.012,579.0
0.553,-0.537,0.761,-0.444,159.0
-1.229,1.188,-1.077,0.268,295.0
-0.408,2.53,1.792,1.105,221.0
-1.19,3.086,-0.576,2.182,507.0
0.233,2.26,0.45,2.052,274.0
-0.201,1.036,-1.597,0.508,532.0
-1.198,1.713,-0.262,2.608,821.0
0.112,2.436,0.623,2.707,821.0
-0.165,2.107,-0.288,1.288,796.0
-0.902,1.094,-0.043,0.264,241.0
-0.939,-0.452,-0.061,-0.172,159.0
1.353,2.492,-1.823,1.058,444.0
0.964,0.952,-0.092,-0.79,330.0
-0.003,1.642,0.958,1.179,370.0
-0.266,0.46,1.338,1.41,752.0
-1.676,0.692,0.555,0.226,227.0
1.27,0.639,0.375,-0.025,621.0
-0.034,-0.819,1.338,1.334,636.0
-0.764,1.449,1.075,-0.007,181.0
0.707,1.406,-0.56,2.142,306.0
0.141,0.266,1.074,0.382,172.0
2.022,0.809,0.728,0.854,966.0
-1.459,2.469,1.257,0.887,418.0
-0.626,2.569,-1.4,2.783,377.0
1.722,1.206,0.454,2.293,265.0
-1.369,1.051,2.391,1.994,197.0
0.166,1.03,-2.333,0.876,237.0
3.232,2.181,0.566,2.161,282.0
-0.618,1.283,-0.432,0.835,201.0
-1.704,0.819,-0.988,0.47,98.0
0.681,0.694,-0.338,1.213,354.0
0.996,0.089,-0.273,-0.969,119.0
1.231,-0.075,-0.175,1.416,741.0
-2.0,1.521,0.699,0.229,126.0
-0.853,2.207,-0.691,2.049,293.0
-0.14,1.871,0.661,0.655,396.0
-0.423,-0.654,-0.51,3.34,226.0
-0.179,1.949,-0.808,0.044,178.0
-0.006,-0.036,-1.451,1.911,323.0
-0.683,-1.555,-0.364,1.8,521.0
1.065,0.589,-0.161,0.75,362.0
1.635,-0.196,-1.08,2.373,518.0
-0.862,0.877,0.087,1.409,303.0
0.018,2.985,-0.214,2.679,897.0
1.607,1.621,-0.096,1.097,262.0
-0.347,-0.427,0.272,0.617,228.0
-1.19,1.649,-1.615,0.748,203.0
-0.645,1.166,-1.476,-0.786,129.0
-0.492,1.301,-0.954,0.081,199.0
1.285,-0.134,0.051,0.158,258.0
0.539,1.859,0.033,1.1,446.0
-0.419,1.453,0.354,-1.374,76.0
-1.666,1.457,-1.204,0.192,161.0
-0.717,-0.624,0.206,1.07,271.0
-0.464,1.095,-1.748,-1.659,104.0
1.822,-0.047,-0.03,2.932,434.0
-0.191,-0.203,0.513,0.148,433.0
-1.06,1.782,0.111,0.798,235.0
-0.268,1.651,0.038,2.892,317.0
0.831,0.364,-0.896,2.243,252.0
-0.313,3.456,-0.655,1.465,733.0
-0.17,1.631,2.36,-0.425,177.0
1.483,-0.51,-0.855,-0.002,272.0
-0.903,1.786,0.417,1.123,248.0
-0.167,2.219,-0.486,2.008,391.0
-0.832,1.723,1.054,0.912,196.0
-0.535,2.061,-0.027,0.897,267.0
-1.517,1.081,0.166,2.0,193.0
-2.0,0.951,-2.286,0.748,159.0
1.234,2.063,1.112,1.333,321.0
-1.289,3.821,-0.506,-0.555,135.0
0.51,0.414,-0.109,0.639,549.0
-0.06,0.583,-1.768,-0.688,175.0
0.714,2.294,-1.669,1.711,646.0
0.1,0.473,-0.851,0.973,237.0
-1.97,1.485,-1.895,0.171,155.0
-0.283,0.221,-0.137,0.401,208.0
-0.592,1.461,0.414,2.235,218.0
-0.063,0.366,1.434,0.845,439.0
0.661,1.171,0.276,0.604,358.0
-0.214,2.7,0.439,0.161,219.0
-0.072,0.922,0.087,1.969,447.0
-0.811,3.419,0.947,1.485,306.0
-0.141,0.397,0.203,1.856,307.0
-0.097,1.367,-2.333,0.029,176.0
0.242,1.017,-0.692,0.94,209.0
0.157,-0.267,-0.236,3.243,440.0
-1.39,1.153,-1.294,0.41,269.0
-2.0,-0.317,-0.154,2.361,177.0
0.139,1.169,-0.621,-0.729,240.0
-1.248,0.666,2.057,1.31,201.0
0.483,0.995,-0.674,0.578,211.0
2.09,-0.053,-0.317,-0.172,224.0
-1.164,0.61,0.745,1.453,227.0
-0.501,1.157,1.089,0.812,267.0
-0.442,0.438,1.171,-0.245,167.0
-1.234,2.493,0.384,2.575,281.0
-0.61,1.61,0.684,2.414,488.0
-0.044,0.558,0.636,0.29,231.0
0.562,1.248,1.664,1.073,226.0
0.498,1.55,-0.539,0.577,348.0
0.779,-0.266,1.081,-0.052,319.0
-1.681,0.643,-0.853,1.708,188.0
-0.456,0.994,-1.942,-0.53,123.0
1.324,-0.537,0.842,1.799,538.0
0.229,1.866,1.479,1.869,274.0
-1.585,2.602,0.91,1.641,292.0
-0.689,2.078,0.907,0.535,511.0
0.528,1.563,-1.093,0.25,205.0
-0.424,1.177,-1.139,1.871,259.0
-1.794,1.06,-0.105,1.2,184.0
0.517,0.645,0.445,2.448,630.0
-0.918,1.678,-0.871,1.68,297.0
1.029,0.907,0.127,1.299,284.0
0.64,0.235,0.461,2.138,373.0
2.17,2.646,1.065,2.249,855.0
1.322,1.594,-0.78,0.837,259.0
1.57,0.698,0.571,1.873,380.0
-0.553,2.053,-0.329,0.789,254.0
-0.047,0.126,0.115,1.29,309.0
0.409,1.568,1.545,1.92,1002.0
0.091,2.035,-0.059,2.808,415.0
-1.549,0.463,-1.641,0.547,277.0
-0.897,1.645,1.629,1.486,210.0
-0.265,3.123,-1.252,2.519,874.0
0.613,-0.919,-1.343,0.931,251.0
1.198,1.435,0.641,0.626,409.0
0.261,1.885,0.053,2.345,335.0
-1.094,0.106,0.866,0.482,201.0
1.608,1.783,2.151,1.162,563.0
0.146,1.859,-0.436,2.394,758.0
1.031,1.45,-0.02,1.158,540.0
0.472,-0.378,-0.197,0.9,247.0
0.657,-0.698,-0.514,0.575,342.0
-0.858,1.616,-0.534,2.033,837.0
1.213,1.964,1.109,0.465,791.0
0.027,0.811,-0.02,-0.273,313.0
0.475,0.552,0.181,2.343,245.0
0.442,2.037,-0.06,1.174,555.0
1.818,0.861,0.541,1.323,763.0
-0.203,0.579,0.916,0.953,354.0
0.702,1.133,0.488,1.135,221.0
2.34,1.31,1.098,0.862,1074.0
1.297,1.032,1.151,0.361,859.0
-1.352,0.324,-0.069,-0.776,75.0
-0.711,1.538,0.524,2.853,509.0
-0.372,2.628,0.449,1.135,726.0
-0.589,-0.059,-2.042,0.615,463.0
0.696,0.631,-0.121,2.001,791.0
0.324,0.761,0.015,0.229,245.0
1.14,-0.148,-0.4,0.789,407.0
-0.26,1.557,0.576,1.889,673.0
-0.558,2.979,-0.045,2.768,334.0
-1.478,-0.898,-1.32,-0.548,208.0
0.735,0.677,0.504,0.229,295.0
2.163,0.03,-0.974,1.189,277.0
-0.672,2.152,0.273,1.155,215.0
-0.795,0.323,-0.41,0.6,202.0
-1.136,0.767,0.335,0.317,324.0
-0.892,1.563,0.592,-0.839,250.0
-0.194,0.551,-1.048,2.463,512.0
0.289,2.591,0.065,-0.527,443.0
0.889,-1.431,-0.399,0.495,258.0
0.815,0.735,0.315,1.949,716.0
0.078,1.749,-0.697,0.15,375.0
-1.103,0.823,-1.888,-0.121,210.0
-0.994,1.313,1.643,0.051,231.0
1.155,0.074,1.26,1.515,259.0
0.605,1.169,0.067,1.129,336.0
-0.449,1.832,-0.735,0.631,518.0
0.542,1.238,-0.718,0.219,179.0
-1.142,0.294,0.195,-0.264,114.0
1.057,1.673,0.968,2.299,252.0
-1.151,2.096,-0.675,0.053,158.0
0.985,0.768,0.176,1.236,504.0
-1.219,1.766,-0.856,2.186,317.0
-0.82,1.845,1.498,0.558,336.0
1.496,1.287,0.586,1.656,804.0
1.67,2.586,0.422,1.061,1045.0
0.48,3.305,0.437,0.138,775.0
0.373,1.538,-0.535,1.234,318.0
-0.893,2.168,-0.178,1.642,261.0
1.252,3.31,-0.142,2.25,937.0
2.01,0.87,1.923,2.058,271.0
-0.245,0.884,-0.575,1.167,228.0
-0.428,0.27,0.488,1.178,502.0
0.651,0.294,-0.391,0.771,231.0
-1.485,1.805,-2.193,0.867,349.0
0.711,1.242,1.213,1.114,895.0
-2.0,3.486,-0.633,0.404,141.0
1.832,1.055,0.085,1.649,859.0
-0.697,0.583,-0.053,0.844,392.0
0.07,1.037,-0.151,0.65,628.0
-0.96,1.396,0.108,-0.289,383.0
0.159,0.29,-1.146,1.752,720.0
-0.157,3.357,0.417,0.296,582.0
0.224,1.395,-0.208,2.312,430.0
0.026,1.414,-0.354,2.47,648.0
-0.396,-0.62,1.768,0.26,331.0
1.327,2.694,-0.267,0.291,360.0
0.183,1.781,1.433,0.432,507.0
1.349,1.681,1.907,0.344,654.0
-0.027,0.353,-0.915,1.694,807.0
-0.664,1.876,0.563,1.181,478.0
-1.069,2.774,0.247,1.814,464.0
-0.469,3.254,-1.339,0.572,714.0
-0.861,1.844,-2.006,2.161,737.0
0.264,1.486,2.109,0.834,177.0
-0.461,1.262,0.822,-0.126,104.0
-0.842,1.095,1.048,-0.562,235.0
2.011,1.356,0.828,2.233,269.0
0.987,1.515,-1.005,2.043,575.0
0.444,2.833,0.138,2.398,958.0
0.121,-0.705,-1.552,1.168,239.0
-1.574,1.1,-0.841,0.072,248.0
-0.679,1.198,-1.573,0.56,356.0
0.08,0.937,-0.563,-0.538,270.0
0.025,2.728,0.963,2.444,1121.0
0.136,1.521,-1.186,-0.323,145.0
-0.774,2.413,0.27,0.77,364.0
0.674,0.217,0.795,3.031,381.0
-0.152,0.603,-0.632,0.508,347.0
-1.906,1.607,-0.47,2.206,180.0
0.934,1.413,0.205,1.095,202.0
0.108,1.551,-0.583,0.721,202.0
-1.539,1.758,-0.503,1.613,192.0
0.419,1.105,0.764,0.31,369.0
1.072,3.087,0.773,1.606,972.0
-0.139,0.737,-0.422,-0.45,147.0
-0.144,-0.899,-0.334,2.333,350.0
-0.356,-1.085,-0.792,2.253,228.0
0.202,0.264,0.482,1.379,373.0
-0.213,1.812,1.098,1.978,420.0
-0.877,1.273,1.259,2.227,211.0
0.887,1.984,0.38,1.492,414.0
2.055,-0.369,0.849,1.048,466.0
0.07,-0.343,-0.597,1.303,426.0
1.017,2.403,-0.096,0.153,286.0
0.038,1.647,0.252,3.251,358.0
-0.52,0.729,1.634,0.019,259.0
-0.616,3.512,-1.339,1.76,510.0
0.24,2.584,0.835,0.15,476.0
-1.397,2.571,-0.356,-0.71,64.0
-0.062,0.067,-0.096,1.522,394.0
0.29,1.5,0.259,0.234,460.0
0.716,0.488,-1.592,1.974,456.0
-0.111,0.768,1.361,0.932,393.0
1.121,0.74,0.634,1.621,692.0
-0.036,1.834,0.414,0.208,375.0
1.092,0.589,1.628,0.654,256.0
0.203,1.184,-0.465,0.534,267.0
1.783,-0.36,0.841,0.696,488.0
-1.325,-0.518,1.244,2.127,200.0
-0.679,0.017,-0.05,-0.538,263.0
0.158,0.351,0.237,1.623,360.0
-1.253,0.251,-0.423,2.87,226.0
-1.089,1.333,1.262,0.322,266.0
0.06,0.783,0.756,0.449,414.0
0.739,0.046,-0.257,1.133,319.0
0.826,-0.491,-0.789,2.169,542.0
-2.0,1.02,1.901,2.108,177.0
-0.453,0.34,0.908,1.251,374.0
1.472,2.451,-0.078,1.285,622.0
-0.06,-0.418,-1.722,0.0,347.0
1.552,1.541,0.088,0.841,217.0
-1.54,0.708,-0.405,1.246,164.0
0.867,1.936,1.678,1.584,892.0
2.408,1.791,-0.689,-0.117,195.0
-0.054,0.933,0.317,1.375,912.0
0.566,0.759,0.497,0.364,259.0
-0.522,1.478,0.649,1.209,744.0
-0.071,0.562,1.484,1.098,665.0
2.475,0.657,-1.027,1.088,311.0
0.266,0.525,0.285,0.16,314.0
0.144,1.258,-2.002,-0.403,220.0
1.3,1.006,-0.584,-0.293,264.0
0.45,1.203,-0.274,-0.97,436.0
0.285,1.534,-0.468,0.008,608.0
-0.383,2.881,-0.943,0.092,408.0
-0.889,1.093,-0.683,1.051,246.0
-0.886,0.597,0.735,1.56,212.0
-1.622,0.102,0.449,2.615,190.0
-0.325,1.117,-0.973,1.595,564.0
0.17,1.383,1.16,1.593,441.0
-1.13,2.258,0.726,1.299,557.0
-0.508,2.215,0.101,0.188,509.0
2.303,1.845,-0.791,2.554,271.0
-0.971,1.554,0.24,-0.435,189.0
-0.046,0.072,-0.119,1.614,354.0
-0.983,2.023,-0.874,1.626,279.0
0.261,0.798,0.418,0.678,577.0
1.03,1.344,-1.208,1.404,253.0
-0.985,0.339,-0.683,3.809,793.0
-0.057,1.587,0.451,0.775,676.0
0.245,1.358,-1.114,2.672,726.0
0.646,1.706,-0.555,0.955,893.0
-0.768,0.389,-2.1,0.398,233.0
0.7,1.032,0.178,1.589,501.0
1.282,1.065,0.531,-0.699,157.0
-0.6,3.168,-0.613,1.346,839.0
0.767,2.992,1.193,-1.083,134.0
-1.445,1.31,-0.527,2.698,319.0
-1.451,1.697,-0.277,1.094,612.0
-0.068,1.248,-1.624,0.265,456.0
-0.178,0.644,0.942,0.791,684.0
0.711,1.644,0.662,0.88,246.0
0.086,0.31,0.769,0.623,535.0
1.344,-0.689,-0.539,1.145,459.0
0.591,0.658,-0.49,0.643,321.0
-2.0,2.123,-0.634,1.395,176.0
-0.021,2.581,0.195,0.868,695.0
1.298,-0.848,-0.439,0.029,244.0
1.14,1.623,-0.547,0.21,258.0
-1.64,0.273,1.447,0.251,110.0
-0.752,2.552,-0.614,-0.318,496.0
-0.078,0.967,0.945,2.805,847.0
-1.517,2.238,-1.365,2.266,322.0
1.857,0.566,-1.035,0.503,386.0
0.05,0.243,-0.42,2.278,347.0
2.38,2.27,-1.151,1.054,674.0
-0.538,2.155,-2.092,2.483,201.0
0.839,1.328,0.282,2.685,877.0
-0.507,0.098,-0.089,0.429,428.0
-1.008,0.162,-1.162,0.502,209.0
-0.294,0.456,0.449,0.877,267.0
0.459,0.543,-0.776,1.218,325.0
-0.963,1.986,0.504,1.737,208.0
-0.168,0.665,-0.15,-0.053,188.0
0.531,3.448,-0.288,2.257,728.0
-0.691,-0.553,1.716,3.295,701.0
0.209,2.026,1.882,2.448,1174.0
0.896,1.875,-1.694,3.92,617.0
0.093,0.867,-1.271,1.219,268.0
-0.41,0.194,-1.766,2.646,515.0
3.655,1.403,0.279,1.526,290.0
0.768,1.924,-1.894,2.428,317.0
-0.423,0.66,0.181,1.402,377.0
0.472,0.477,0.42,0.664,627.0
0.886,2.085,-0.823,0.679,582.0
-0.195,1.909,0.837,0.544,415.0
-0.364,0.205,1.37,0.817,376.0
-1.792,-1.324,0.246,0.362,184.0
-1.598,1.253,0.617,0.893,190.0
0.168,0.781,-1.616,0.538,237.0
-0.652,0.875,1.92,-0.047,284.0
-0.029,1.719,-0.076,0.213,349.0
1.141,-1.242,0.005,0.977,596.0
3.188,0.128,-1.177,-0.43,346.0
-0.309,0.413,-1.281,1.11,372.0
0.519,1.296,0.878,2.26,880.0
-0.298,0.619,-0.173,-0.74,108.0
-0.233,1.565,-0.63,-0.095,167.0
0.95,2.155,-0.665,0.615,368.0
0.852,1.305,0.357,0.252,256.0
1.812,1.251,-0.107,1.058,668.0
-0.286,0.239,-0.487,1.586,551.0
1.377,1.277,-0.88,0.984,446.0
-0.919,0.948,0.319,0.854,333.0
1.637,2.905,-0.735,1.537,925.0
0.364,0.755,0.084,-0.92,344.0
0.337,1.817,2.184,0.545,668.0
1.443,0.829,0.811,0.799,566.0
-1.451,0.599,1.82,0.888,127.0
-0.332,0.377,-0.146,1.214,493.0
1.398,2.321,-2.333,0.248,531.0
-1.613,1.305,2.469,1.325,190.0
1.063,2.969,1.506,-0.863,144.0
-0.882,-0.131,-0.938,1.005,276.0
-0.026,1.73,-0.397,0.768,550.0
-0.287,2.315,0.784,0.192,767.0
0.014,2.144,-1.065,1.802,469.0
-1.56,2.991,-2.173,2.715,413.0
0.041,1.731,1.503,0.033,258.0
0.159,-0.182,1.541,0.611,381.0
0.864,0.378,0.46,1.212,374.0
-0.902,1.737,-1.783,1.326,647.0
-0.004,0.141,-0.884,-1.833,77.0
0.753,1.792,1.023,1.73,360.0
-0.49,1.863,1.844,2.656,724.0
0.369,-0.407,-0.02,0.368,348.0
-0.253,-0.425,0.946,-0.057,379.0
0.332,0.563,-0.445,1.946,456.0
0.591,3.208,-1.506,1.089,388.0
0.651,0.255,-0.923,1.948,624.0
-0.193,0.772,-1.283,1.016,363.0
-0.372,2.548,0.046,-0.154,176.0
0.363,0.259,-0.855,0.57,369.0
1.129,2.421,-0.346,1.289,680.0
-0.23,0.537,-0.085,1.16,528.0
-0.024,0.445,0.543,1.233,234.0
1.171,0.172,-1.353,0.995,238.0
-0.855,0.817,-1.77,1.615,300.0
1.166,0.572,-0.221,2.582,654.0
-0.601,0.407,-0.793,1.981,545.0
-0.643,1.872,0.151,0.975,720.0
-0.477,0.302,-0.491,2.921,596.0
1.224,1.571,0.127,-0.454,753.0
-0.072,1.065,-1.444,-1.553,128.0
-1.827,-0.829,0.111,0.98,159.0
1.938,-0.418,-1.474,1.223,411.0
0.108,0.598,-0.314,0.536,586.0
0.79,0.081,-0.255,0.136,233.0
0.44,1.442,-0.068,1.369,699.0
-1.464,1.751,-0.391,0.903,157.0
-0.003,1.712,1.385,0.837,335.0
-1.442,1.954,-0.518,1.811,205.0
-0.179,-0.238,-0.423,-1.138,81.0
-0.124,1.358,-0.1,1.97,470.0
0.302,1.496,2.838,2.694,769.0
1.157,1.283,0.578,3.11,734.0
-0.795,1.418,1.07,2.208,274.0
1.279,1.084,-0.951,1.764,258.0
0.927,1.807,0.079,0.512,482.0
0.102,1.073,0.565,-0.188,736.0
-0.857,1.674,-1.121,0.405,279.0
1.686,1.205,-0.948,-0.141,294.0
-1.23,2.177,0.994,0.826,288.0
0.768,2.236,-2.333,1.647,270.0
-0.591,0.038,2.175,0.901,221.0
0.291,1.8,-0.806,0.554,824.0
-0.289,0.09,0.695,1.539,814.0
-0.33,1.005,2.582,1.336,558.0
0.6,0.914,-0.667,0.817,720.0
-0.836,0.93,-0.33,-0.142,432.0
-1.071,0.151,1.879,3.327,638.0
-0.332,0.872,0.109,1.201,675.0
-1.06,0.44,0.022,2.093,207.0
1.758,1.574,-0.233,-0.803,304.0
0.489,2.048,0.987,1.235,809.0
0.629,2.435,1.187,1.428,741.0
0.831,0.86,-0.155,2.382,251.0
-1.604,0.635,-1.347,0.002,145.0
-2.0,0.022,1.984,0.241,132.0
0.066,1.661,-0.607,0.215,614.0
-0.303,2.14,-0.37,1.707,224.0
0.361,0.771,1.111,0.829,470.0
0.809,0.294,0.27,0.321,623.0
0.074,1.536,0.297,1.255,777.0
0.803,1.109,0.313,0.447,726.0
-0.35,0.344,1.862,0.337,347.0
0.517,1.492,1.87,2.044,993.0
-1.918,1.732,-0.12,0.418,160.0
-0.284,2.339,-1.482,1.925,224.0
0.991,0.906,1.441,-0.117,365.0
0.978,-0.22,0.424,1.611,470.0
-0.946,-0.432,0.254,2.265,344.0
0.364,0.948,1.169,0.617,508.0
1.081,0.196,1.094,0.995,257.0
-1.696,1.318,2.168,0.863,166.0
-2.0,-0.497,0.261,0.198,177.0
0.593,0.082,-0.284,-0.161,444.0
1.572,1.22,-0.901,1.612,930.0
0.212,0.293,-0.547,1.979,346.0
0.914,1.088,-0.907,3.294,434.0
0.466,1.217,-0.914,0.039,242.0
0.698,0.984,-0.001,0.77,575.0
1.612,0.116,-0.876,1.896,354.0
0.384,0.298,-1.812,1.145,243.0
0.551,1.071,-1.109,0.77,423.0
0.613,2.7,0.644,2.135,1025.0
-1.011,-1.152,-1.408,0.806,210.0
0.165,-0.734,0.81,1.894,829.0
-0.075,-1.852,-0.938,0.973,339.0
-0.62,0.462,-0.407,0.158,335.0
1.855,0.372,-0.355,1.524,366.0
-2.0,1.489,0.317,1.013,176.0
-0.238,-0.678,0.552,1.284,605.0
1.541,0.559,-0.786,2.197,442.0
-0.603,2.889,0.835,-0.576,420.0
-0.377,2.895,-0.575,-0.552,452.0
0.824,0.869,-0.085,1.565,251.0
1.141,0.924,-0.931,0.507,604.0
0.123,1.559,0.025,2.792,1096.0
-1.213,0.882,-0.203,1.228,175.0
1.542,0.449,-0.72,0.604,446.0
1.188,1.835,0.389,-0.342,698.0
0.684,2.715,-0.662,0.268,890.0
-2.0,0.868,1.09,0.094,150.0
-1.216,1.067,0.601,2.271,202.0
0.344,0.195,-0.593,0.904,664.0
0.815,2.201,0.607,0.826,1123.0
-0.222,0.157,0.088,2.392,357.0
0.311,0.997,-0.732,-0.057,220.0
-1.677,2.016,2.13,0.678,176.0
-2.0,1.653,1.212,0.702,176.0
-0.329,0.02,2.5,1.434,668.0
1.267,1.725,0.124,1.18,675.0
0.773,2.016,-1.305,0.266,211.0
1.309,0.613,0.199,0.984,260.0
-0.182,0.727,1.317,1.102,532.0
0.065,0.418,0.865,1.422,767.0
0.324,2.456,-0.404,2.129,237.0
0.191,1.605,0.358,-0.354,393.0
-0.619,1.884,-0.493,0.086,510.0
-1.073,1.948,0.062,1.27,354.0
0.066,1.581,-0.752,1.122,523.0
-2.0,1.634,-0.216,0.383,106.0
0.644,1.893,-2.309,-0.693,255.0
-2.0,0.954,-0.553,0.788,177.0
-0.063,1.911,0.48,-0.344,115.0
-0.913,2.185,-0.197,0.437,463.0
-1.427,1.933,-0.437,3.534,579.0
-1.035,1.508,-0.74,1.775,278.0
0.134,1.896,1.04,-0.582,407.0
1.201,1.426,0.195,-0.356,667.0
1.012,1.109,1.189,2.946,253.0
-0.242,3.525,-0.318,1.26,809.0
-0.866,1.737,-0.146,-0.105,291.0
-0.855,-0.075,-1.991,0.726,436.0
-0.436,0.639,-1.151,0.915,224.0
0.904,1.033,0.24,1.516,760.0
-1.796,1.274,-0.463,0.957,184.0
0.745,1.815,-0.313,-0.572,230.0
0.679,0.49,0.372,2.372,915.0
0.792,1.535,-1.063,0.867,659.0
0.554,0.959,0.138,0.67,245.0
0.757,2.084,-0.84,1.404,797.0
-2.0,1.765,1.169,1.961,176.0
0.836,2.717,0.268,1.476,725.0
1.05,0.723,0.872,1.134,693.0
1.921,0.725,-0.658,-0.003,419.0
-0.524,1.703,-0.441,2.968,384.0
1.451,1.437,-1.551,1.852,394.0
0.192,1.032,-1.171,1.052,544.0
-0.019,0.177,0.27,-0.14,457.0
-0.129,2.172,1.158,1.134,615.0
0.868,1.761,-0.981,1.824,433.0
0.867,3.399,-0.996,1.774,834.0
-1.114,2.01,0.08,0.952,520.0
2.128,-0.386,0.804,1.466,478.0
0.689,-0.178,-0.592,2.554,251.0
1.343,2.227,-1.126,2.027,597.0
-0.812,0.007,-0.604,1.49,299.0
-0.359,1.285,-0.754,1.299,331.0
-0.282,0.332,1.379,1.436,387.0
0.304,0.333,-1.081,2.874,241.0
0.167,3.031,0.273,1.705,777.0
-0.817,1.592,-0.801,0.508,480.0
-1.548,0.641,1.107,2.046,192.0
0.573,-0.265,-0.916,2.263,344.0
0.254,2.022,-0.011,-0.255,364.0
0.791,2.051,-0.115,1.543,851.0
1.409,0.558,1.048,2.554,1158.0
-1.072,2.068,0.993,1.234,478.0
-1.974,1.21,-0.192,0.408,119.0
0.55,1.5,-1.017,1.519,197.0
0.253,0.024,0.846,-0.755,556.0
1.449,1.337,-1.224,3.39,420.0
-0.558,0.675,0.567,0.739,564.0
-1.12,1.755,-1.963,0.094,140.0
-0.369,0.969,1.752,-0.372,180.0
-1.269,2.421,1.145,0.466,146.0
0.597,2.258,0.258,0.578,681.0
-0.062,0.927,1.506,1.356,453.0
-1.226,0.967,-2.147,0.24,399.0
0.801,1.818,-0.18,2.498,247.0
0.436,0.67,1.085,-1.365,82.0
-0.6,1.834,-0.334,0.346,321.0
-0.807,0.229,-2.185,0.271,211.0
0.733,1.344,0.019,0.673,312.0
-0.261,0.641,0.353,1.245,708.0
0.713,1.012,-0.998,1.387,430.0
-0.995,-0.123,0.076,1.619,503.0
-0.096,-0.088,0.877,2.454,628.0
1.156,0.664,0.278,0.415,336.0
-0.014,-0.316,-0.211,1.219,334.0
0.532,0.206,-1.135,0.358,377.0
2.76,1.448,0.282,0.723,367.0
-1.144,-0.967,-1.111,1.513,139.0
0.804,3.353,-2.333,1.576,735.0
-1.683,0.76,0.459,-0.143,102.0
-0.681,0.11,-0.891,-0.428,108.0
-0.646,-0.575,1.696,0.625,442.0
0.355,1.538,-0.248,-0.299,347.0
-0.165,0.59,-0.06,0.507,602.0
1.12,-0.157,-1.627,0.519,259.0
-0.242,2.539,-2.276,2.788,594.0
0.406,1.633,2.429,-0.245,788.0
-0.131,0.574,-2.058,-0.66,277.0
-0.135,0.978,-0.219,1.605,716.0
0.514,3.21,0.401,3.737,829.0
0.027,1.868,0.87,1.695,808.0
-0.209,0.437,0.8,1.277,717.0
-0.716,1.634,0.666,0.088,109.0
0.488,1.374,-0.282,1.595,446.0
-1.866,0.217,-0.272,1.333,181.0
-1.001,0.094,0.698,0.163,325.0
2.098,0.929,0.886,0.23,281.0
0.13,1.189,-0.199,1.496,366.0
0.342,0.924,-1.868,0.895,506.0
0.176,1.887,0.582,0.643,593.0
-0.519,-0.134,1.232,1.602,659.0
-0.339,0.239,-0.37,1.069,227.0
0.21,1.638,-0.798,0.656,857.0
0.471,1.292,-0.278,1.765,480.0
-1.516,1.332,0.345,1.438,193.0
-1.498,1.426,-0.56,-1.146,85.0
0.456,1.577,-1.61,1.835,242.0
-0.371,1.956,-0.066,1.803,502.0
0.039,2.119,-1.255,1.714,232.0
0.239,0.611,0.554,0.748,672.0
1.934,2.313,-0.502,0.181,792.0
-0.313,0.208,-0.231,1.463,227.0
-0.609,0.123,-1.245,1.499,582.0
1.901,2.576,-0.116,0.829,772.0
0.287,1.734,-1.487,1.55,398.0
-0.195,0.841,1.477,-0.132,670.0
-0.177,0.821,1.7,-0.166,226.0
-0.747,0.924,0.948,0.869,449.0
-0.547,-0.131,-0.336,1.295,390.0
-0.287,0.871,0.942,0.964,227.0
0.66,1.243,-1.169,2.61,985.0
0.067,3.413,0.437,0.379,685.0
0.004,1.544,1.266,0.823,572.0
1.536,1.041,-1.051,1.579,324.0
0.686,0.766,-0.992,2.255,849.0
0.88,0.108,-1.167,1.53,254.0
-0.11,1.627,-0.427,1.068,332.0
-0.759,0.921,-1.105,0.799,674.0
1.553,1.758,-0.533,1.858,629.0
0.943,1.14,0.168,2.236,366.0
1.144,0.265,-0.185,2.146,469.0
-1.308,2.033,1.065,-0.392,86.0
0.681,-0.568,-0.365,0.414,480.0
0.099,0.013,0.169,0.337,891.0
-0.11,2.233,-1.364,2.403,463.0
-0.75,2.369,-0.579,0.097,236.0
0.608,2.032,1.018,2.022,788.0
0.239,0.925,-1.188,0.959,607.0
0.225,2.935,0.258,-0.365,248.0
-0.431,2.982,0.503,1.115,658.0
0.226,0.131,-0.439,1.608,458.0
0.445,-0.98,-0.099,2.691,494.0
1.884,1.891,-0.019,-0.074,345.0
0.63,1.992,0.101,1.763,579.0
0.511,-0.404,-1.186,1.333,427.0
-0.655,1.658,0.81,1.898,476.0
-2.0,0.485,0.144,1.569,177.0
0.993,2.888,-1.061,1.32,785.0
0.675,0.732,0.829,1.782,380.0
-0.503,0.311,-0.291,-1.554,107.0
-0.15,1.358,-1.439,3.197,229.0
-0.035,0.359,-0.504,0.646,755.0
-1.543,-0.926,0.205,0.024,182.0
-1.183,1.593,-0.663,-0.51,74.0
-0.475,0.415,0.196,-0.054,237.0
-0.202,0.083,0.72,1.342,329.0
-1.082,-0.339,1.074,0.214,497.0
1.021,0.5,-0.086,1.619,226.0
0.674,0.05,-0.176,1.786,598.0
0.937,1.386,-0.943,0.8,530.0
2.418,1.318,0.233,-0.545,649.0
-0.444,0.572,1.906,1.627,426.0
1.825,2.317,-0.231,1.321,906.0
0.698,1.592,0.615,1.254,646.0
-0.508,0.78,0.082,0.861,633.0
-0.064,0.138,0.118,1.529,462.0
0.62,2.324,1.081,1.547,208.0
0.021,0.712,0.881,1.346,376.0
0.726,1.263,-1.339,1.109,471.0
-0.92,2.518,1.14,0.083,655.0
1.783,1.897,0.581,-0.491,731.0
-0.447,1.986,0.867,0.543,651.0
-0.319,3.793,-0.335,1.163,883.0
1.311,-0.312,0.088,1.832,485.0
1.472,-0.336,-0.033,-0.071,643.0
0.556,1.0,-0.624,0.521,273.0
2.242,1.655,-1.0,0.222,742.0
0.247,1.009,-0.351,1.214,1120.0
1.075,0.636,-0.495,2.182,865.0
0.318,2.722,-2.333,0.675,751.0
-1.5,1.344,-1.333,-0.261,117.0
0.199,0.597,2.056,2.698,833.0
0.344,-0.497,1.406,1.168,499.0
1.828,1.3,0.698,1.44,820.0
1.356,0.426,0.68,1.545,262.0
-0.898,-0.5,-1.496,0.806,350.0
1.618,2.369,-0.472,0.114,808.0
0.918,0.791,-1.866,1.52,373.0
1.155,2.022,0.566,0.438,863.0
-1.433,-0.279,-0.798,1.341,162.0
0.246,1.522,0.58,1.179,167.0
-0.95,0.952,-0.162,3.299,210.0
0.277,0.633,-0.987,-0.186,187.0
2.476,1.246,-0.949,-0.176,568.0
0.517,0.438,-0.161,0.548,506.0
0.657,0.366,-0.16,3.122,828.0
0.244,2.84,-1.129,2.097,821.0
-0.801,1.575,1.124,1.104,480.0
-1.556,1.695,-0.183,1.062,492.0
-0.586,0.194,0.827,1.754,371.0
-0.076,-0.449,-0.049,0.843,234.0
-0.592,-0.081,0.218,1.06,477.0
1.446,1.389,0.861,0.293,573.0
-0.891,0.533,-0.708,0.548,260.0
-1.259,1.095,-0.471,1.732,234.0
-0.758,0.471,0.383,2.374,499.0
1.025,2.667,1.572,0.569,721.0
0.212,-0.467,0.083,1.661,363.0
0.391,0.05,-0.5,1.054,244.0
0.089,-0.593,0.665,0.856,515.0
-0.752,0.427,0.88,1.526,216.0
-1.176,1.14,-0.201,1.191,621.0
0.812,-0.201,-2.136,2.508,253.0
-2.0,1.124,0.233,1.348,144.0
0.049,2.215,1.305,0.091,710.0
-0.921,-0.062,-1.339,1.898,408.0
-0.283,2.551,-0.596,2.314,735.0
0.913,-0.198,-0.412,0.733,324.0
0.291,1.628,-0.778,1.469,519.0
1.468,1.666,0.963,0.963,910.0
0.12,1.359,0.843,1.81,235.0
-0.018,-0.405,0.85,0.94,236.0
0.594,0.521,0.398,1.109,247.0
-0.322,-0.191,0.131,0.85,176.0
-1.033,0.987,-1.119,0.883,423.0
-1.059,0.756,0.742,2.584,339.0
-0.173,0.487,-1.293,1.169,475.0
-2.0,1.199,0.443,0.92,165.0
-0.948,0.492,-1.356,-0.368,127.0
-1.964,0.328,0.243,1.521,178.0
0.067,-0.088,-2.333,1.21,304.0
-1.594,2.297,-0.69,0.473,131.0
-0.741,1.62,-0.587,-0.481,131.0
1.488,1.92,-0.286,1.685,862.0
-1.313,2.831,0.048,0.541,406.0
1.357,0.011,1.394,0.43,377.0
-0.287,0.452,0.929,0.774,228.0
0.972,1.244,-1.237,1.259,383.0
1.512,1.49,-0.037,2.948,826.0
0.933,1.828,-1.021,3.751,431.0
-0.553,1.829,0.693,1.254,311.0
0.198,2.197,-0.757,-0.544,383.0
1.932,0.848,-0.061,2.602,1150.0
2.544,3.388,0.836,1.762,1096.0
3.143,0.955,-1.827,3.222,404.0
-1.097,3.341,-0.439,1.497,535.0
1.63,1.64,2.36,1.365,635.0
-1.345,0.873,-0.026,-0.149,272.0
-0.172,0.478,0.784,1.034,403.0
-0.917,-1.232,0.332,0.012,195.0
-0.477,2.674,-1.505,1.483,552.0
-0.262,2.013,-0.095,0.808,554.0
-0.515,1.727,-0.413,2.636,869.0
0.258,2.114,-2.215,1.027,311.0
-0.638,0.726,0.841,-0.203,145.0
-0.813,1.762,-0.318,0.49,372.0
0.548,2.45,-0.222,0.799,206.0
-0.37,1.876,-1.082,1.672,493.0
-0.795,0.481,-0.044,0.294,229.0
1.033,0.227,-0.994,1.464,521.0
0.035,0.871,1.356,1.334,424.0
2.101,2.92,0.41,1.008,846.0
1.193,1.408,0.225,1.238,557.0
0.153,0.313,-0.358,0.386,477.0
-0.215,0.227,0.772,-1.653,116.0
-0.457,1.827,1.072,-0.267,237.0
-0.378,1.678,-0.748,1.958,321.0
1.476,0.873,-0.587,0.073,221.0
-0.856,2.466,0.643,0.884,333.0
2.267,1.795,0.073,-0.431,548.0
-1.416,1.077,1.961,1.684,168.0
0.023,-0.612,0.69,1.473,237.0
0.85,0.883,-1.633,1.458,327.0
-1.149,0.112,0.026,1.3,375.0
-0.295,1.079,-0.222,0.457,434.0
0.179,1.767,1.394,0.848,576.0
1.684,2.883,2.658,1.293,1113.0
-1.216,-0.285,-0.646,-0.36,100.0
-1.297,0.293,0.715,1.808,200.0
0.331,0.617,-0.384,0.236,313.0
-0.392,2.658,1.613,0.107,415.0
-0.145,-0.001,1.411,2.407,588.0
0.812,2.355,1.96,0.898,634.0
-0.377,1.466,0.858,1.673,520.0
0.697,1.193,1.316,0.84,537.0
1.243,0.782,-1.347,0.854,387.0
-0.419,-0.124,-2.035,0.114,263.0
-1.178,1.898,-0.387,1.455,202.0
2.024,1.397,0.111,0.551,636.0
1.013,-1.05,0.63,-0.841,317.0
0.006,2.381,-0.074,-1.232,76.0
-0.593,-0.358,1.026,2.317,497.0
-2.0,0.34,0.87,1.306,177.0
-0.73,-0.194,-0.974,-0.326,449.0
-0.247,-0.865,-0.392,-0.009,311.0
-0.138,2.596,1.777,-0.649,308.0
0.35,1.948,-1.471,0.41,444.0
0.405,0.731,-0.097,1.988,357.0
-1.415,1.576,0.982,1.67,180.0
-0.614,2.299,-1.483,0.086,419.0
0.062,0.992,-0.243,0.517,247.0
-0.659,1.256,-0.027,1.945,303.0
1.708,1.232,-0.981,1.327,265.0
-2.0,1.91,0.758,1.11,182.0
0.032,-0.452,-0.549,0.659,525.0
1.489,2.536,0.552,2.812,661.0
0.147,-0.05,1.779,1.87,539.0
-0.14,1.735,-0.555,-0.162,601.0
-1.033,2.243,-0.353,1.978,356.0
1.72,0.461,-2.27,1.423,327.0
-0.829,2.579,1.137,2.519,553.0
0.603,1.18,1.098,-0.575,303.0
0.484,0.608,0.49,0.194,137.0
0.772,0.083,-1.341,1.357,488.0
-1.098,0.446,0.628,0.979,223.0
0.007,1.234,-0.326,0.201,633.0
0.215,1.298,-2.333,1.573,577.0
-0.878,1.193,0.12,-0.336,207.0
0.323,-0.034,-0.777,0.31,281.0
-0.193,0.344,-0.974,2.106,560.0
0.537,1.54,0.494,0.58,330.0
-0.21,1.732,1.513,0.155,584.0
-0.394,1.912,0.035,-0.11,107.0
0.256,3.038,-0.133,2.05,958.0
0.149,2.125,1.713,1.476,550.0
-0.607,0.668,-0.654,1.809,505.0
1.58,0.836,-2.199,1.36,384.0
-0.699,0.641,-0.701,0.607,276.0
-0.869,0.981,0.218,0.284,260.0
-0.615,0.918,0.15,-0.383,218.0
0.758,0.113,0.205,0.016,213.0
-1.568,0.977,-0.446,1.056,205.0
-0.131,1.582,1.279,1.541,509.0
-0.087,0.076,-1.984,0.239,76.0
-0.134,2.475,-0.768,1.053,567.0
-1.285,0.94,-0.882,0.436,291.0
0.521,-0.146,0.492,1.842,247.0
1.486,0.418,0.682,0.481,389.0
0.809,1.293,-1.526,0.011,235.0
1.043,-0.695,0.582,0.24,251.0
-0.562,0.377,1.243,0.479,428.0
1.097,0.541,1.469,-1.246,89.0
1.523,-1.184,1.223,-0.27,244.0
1.373,1.314,0.148,0.46,399.0
-0.742,1.664,0.19,1.398,386.0
-1.008,0.206,-0.255,1.909,209.0
2.13,1.758,-2.047,0.084,288.0
0.26,-0.601,-1.014,-0.281,410.0
0.923,0.11,0.192,0.66,608.0
0.8,0.546,1.392,0.636,485.0
-1.788,1.461,0.555,1.352,184.0
0.892,3.31,-0.185,0.234,680.0
0.129,-0.273,1.274,1.174,603.0
-0.405,2.341,0.302,1.911,539.0
1.083,2.371,0.27,1.183,685.0
-0.962,2.232,-0.891,0.355,176.0
1.118,1.187,-0.448,3.119,453.0
1.147,0.057,0.824,1.831,386.0
-0.172,-0.631,1.411,0.35,150.0
1.511,1.914,-0.833,1.769,518.0
-0.244,0.113,1.061,0.832,375.0
1.126,0.11,1.058,1.739,390.0
0.428,1.639,-0.882,-0.465,303.0
1.308,0.634,-0.689,0.725,508.0
-0.227,2.368,-0.548,0.411,74.0
1.616,0.317,-1.297,0.593,542.0
-0.708,1.957,0.744,-0.491,136.0
0.319,2.535,1.7,1.494,234.0
-0.393,0.664,0.571,2.156,225.0
-0.347,-0.434,-0.389,1.209,228.0
-1.003,2.339,0.266,0.078,335.0
-0.764,2.205,-1.973,0.467,407.0
-2.0,-0.049,0.813,0.17,150.0
-0.612,0.306,-0.689,1.635,220.0
-0.918,0.716,-0.983,1.451,336.0
-0.563,1.787,-0.258,1.655,159.0
0.756,-0.372,1.374,-0.452,131.0
0.015,1.172,-0.84,0.998,144.0
-0.321,2.061,1.912,0.071,252.0
0.488,1.187,0.522,0.946,225.0
0.86,1.661,1.718,2.302,770.0
0.787,1.02,1.535,-1.278,436.0
0.842,1.711,0.327,2.22,249.0
-0.559,3.304,-0.019,0.655,735.0
0.827,0.53,1.652,0.322,506.0
-0.081,0.347,-1.485,1.31,482.0
1.339,1.382,-1.513,-0.225,223.0
-1.76,1.279,1.022,0.181,128.0
-0.459,3.077,0.667,1.581,853.0
-0.823,2.152,-0.187,1.627,421.0
1.271,0.114,-0.761,0.372,286.0
-0.26,1.148,-1.512,1.38,502.0
0.91,-0.128,0.845,1.375,255.0
-0.679,1.368,0.777,0.444,163.0
0.351,1.66,-0.457,-1.218,86.0
-0.302,0.203,0.702,1.822,543.0
-0.96,0.546,0.033,0.561,281.0
0.357,0.712,0.091,0.019,430.0
0.4,2.019,-1.672,1.949,293.0
-1.146,0.264,0.553,1.382,699.0
-1.059,1.598,0.264,-1.07,69.0
0.454,0.422,-0.048,1.165,777.0
-2.0,2.83,0.061,1.761,176.0
-1.093,-0.69,-1.119,0.043,207.0
-0.306,1.351,1.307,3.276,1519.0
-0.672,0.621,0.451,2.391,369.0
0.686,1.486,-0.896,0.346,396.0
-0.124,1.308,0.686,1.293,462.0
0.274,0.706,-1.303,1.388,658.0
-0.969,0.812,0.262,2.154,289.0
-1.764,1.576,0.982,0.274,153.0
-2.0,1.865,0.147,4.606,176.0
-0.267,1.897,-0.718,0.52,547.0
-0.973,0.656,-0.029,1.072,754.0
1.675,0.29,0.887,-0.359,534.0
-0.339,-0.597,0.453,1.49,228.0
-1.353,1.731,-0.319,-0.274,162.0
-1.238,0.839,0.417,-0.251,298.0
0.131,2.759,-1.35,1.965,527.0
1.7,0.127,2.111,1.869,847.0
-0.822,1.414,0.252,1.152,568.0
-0.707,1.971,0.269,0.397,385.0
-1.543,1.695,0.606,1.257,238.0
-1.147,1.541,0.289,1.102,458.0
-1.567,1.738,-1.313,1.517,191.0
1.502,0.223,-0.003,1.374,558.0
-0.19,2.365,-0.931,0.895,550.0
0.317,0.509,-0.402,0.988,350.0
0.148,-0.399,1.656,0.175,621.0
0.677,2.796,1.84,2.333,616.0
-0.174,1.084,-0.344,1.797,330.0
0.309,1.23,-1.632,0.287,318.0
-1.735,1.752,-0.598,1.265,185.0
-2.0,1.083,2.172,2.132,177.0
1.277,0.703,-0.062,0.366,571.0
0.136,1.073,0.611,-0.267,678.0
0.978,2.56,0.159,-1.265,172.0
0.004,2.014,-1.261,-0.807,127.0
-0.603,1.603,-0.969,-1.424,164.0
-0.076,2.714,0.169,0.452,601.0
-0.916,-0.523,0.225,0.598,212.0
-1.689,-1.653,-0.499,-0.004,155.0
0.007,1.239,0.371,2.438,233.0
-1.188,1.015,-0.007,0.142,447.0
-0.523,-0.791,-1.293,1.514,418.0
-0.559,0.777,0.319,1.055,521.0
0.353,0.534,-0.397,1.51,404.0
-0.376,2.584,0.672,1.032,756.0
-0.697,-0.66,-0.316,2.18,342.0
0.462,1.757,-1.041,0.138,281.0
0.395,0.92,-0.61,2.184,770.0
-1.503,1.758,0.782,1.092,193.0
0.198,2.841,0.798,1.891,846.0
-1.429,1.272,-1.82,0.419,359.0
-0.71,2.367,-1.001,0.095,288.0
0.637,1.934,-0.706,0.562,537.0
-0.062,1.256,0.866,1.384,369.0
-0.783,2.165,1.702,1.765,248.0
1.378,1.033,-1.159,0.16,472.0
-1.39,-1.057,-0.948,1.529,198.0
1.204,1.344,-0.196,1.386,396.0
1.134,0.644,0.863,0.566,786.0
-0.557,-0.258,1.257,0.146,414.0
-0.629,0.762,-0.211,1.387,491.0
0.576,-0.712,0.084,0.934,486.0
0.054,2.531,-0.484,1.63,773.0
-0.042,2.408,-0.038,1.333,647.0
-0.451,2.414,-0.707,0.597,206.0
-0.476,1.656,-0.019,0.771,328.0
-0.293,2.043,0.873,0.637,290.0
0.588,2.246,1.773,-0.873,357.0
-0.676,1.388,1.077,-0.037,318.0
-0.188,0.361,-0.647,-0.625,333.0
-1.157,1.435,0.428,1.492,370.0
-1.039,0.882,0.864,0.431,306.0
-0.637,0.799,-0.227,-0.707,116.0
-0.159,2.787,-0.234,2.172,844.0
-0.289,2.372,-0.019,-0.013,269.0
-0.051,0.921,-0.018,1.842,475.0
-1.154,1.402,-0.191,3.097,256.0
1.588,1.272,-0.847,1.197,388.0
0.253,2.275,-1.385,2.567,545.0
0.713,0.765,-0.358,1.239,570.0
1.128,1.821,-1.161,1.282,476.0
-0.497,0.891,-0.307,0.421,435.0
1.946,2.892,-0.018,-0.067,468.0
0.636,1.024,-0.739,1.295,566.0
1.367,0.528,0.356,1.397,830.0
-0.733,1.407,1.011,1.915,215.0
-0.127,3.474,-0.065,0.813,820.0
2.815,0.044,-2.333,0.428,361.0
-0.73,0.886,-0.274,1.041,408.0
-0.239,0.562,-0.721,1.855,604.0
-0.398,0.791,0.255,1.674,357.0
1.039,0.31,-0.696,2.266,256.0
-1.158,0.136,-0.124,1.223,316.0
-0.054,1.727,-1.962,2.767,231.0
-0.469,-0.187,1.443,1.499,476.0
0.891,1.973,0.51,1.64,249.0
0.946,2.447,-0.118,1.637,573.0
0.57,1.797,0.16,1.018,331.0
-1.398,2.059,-0.83,1.05,347.0
-0.723,1.022,-0.949,0.717,332.0
2.092,1.982,0.524,1.195,804.0
0.908,0.53,-0.505,0.88,608.0
-0.485,-0.54,-0.776,-0.778,144.0
-0.541,2.0,-0.367,0.822,344.0
0.911,1.657,-1.326,0.743,623.0
-1.252,-2.028,-0.774,3.17,203.0
-0.133,1.814,0.326,1.046,229.0
0.015,0.371,-2.069,-0.994,163.0
2.799,1.451,0.244,1.217,272.0
-2.0,0.122,1.301,0.675,157.0
-1.898,2.709,-1.215,-0.308,105.0
0.127,1.999,-0.581,0.715,404.0
-0.294,1.109,0.456,0.692,435.0
0.182,1.094,-1.419,0.904,352.0
0.711,2.42,-0.276,0.334,216.0
0.301,1.519,-0.819,1.617,310.0
0.639,2.22,-0.566,1.075,293.0
-0.412,2.647,-0.734,-0.226,527.0
-0.337,2.066,1.208,0.961,298.0
-0.691,1.12,-0.38,1.927,216.0
0.915,0.483,-1.976,0.549,228.0
-1.786,1.914,0.961,0.517,184.0
-1.451,2.924,0.644,1.455,340.0
-0.797,-0.117,-1.686,0.54,393.0
-0.19,0.965,1.119,2.273,541.0
-0.175,2.374,-0.041,0.574,384.0
0.079,0.536,-0.355,0.537,274.0
1.273,2.436,-0.962,-1.833,175.0
1.035,2.548,0.908,1.05,938.0
1.778,3.631,-0.736,0.343,1020.0
-0.859,0.048,0.136,2.541,386.0
-1.349,1.365,1.146,-0.023,214.0
1.191,1.162,0.299,1.897,1021.0
0.29,0.563,-0.896,0.096,323.0
0.38,0.151,0.054,0.145,281.0
1.401,-0.473,-0.992,-0.327,473.0
0.838,3.964,-0.672,1.623,947.0
-0.793,0.38,-1.21,0.366,192.0
1.349,1.584,1.62,0.651,768.0
-0.417,0.414,-0.651,1.635,336.0
-1.807,1.766,1.752,1.55,183.0
-0.861,2.268,-2.333,0.935,489.0
-0.898,-0.244,-0.471,0.342,435.0
-0.769,0.586,0.62,2.062,659.0
1.188,0.486,-0.211,1.097,748.0
1.465,0.459,-0.363,1.389,264.0
-0.623,1.001,0.411,-0.081,297.0
1.107,0.232,1.34,0.286,942.0
-0.103,0.492,-0.008,2.365,429.0
-0.651,0.156,-0.879,0.198,143.0
0.517,-0.438,0.019,0.549,621.0
0.879,0.336,-0.248,1.387,894.0
-0.415,2.47,0.675,0.505,307.0
0.248,0.6,-0.655,0.632,784.0
-0.048,0.931,0.489,-0.328,708.0
-0.404,2.348,-0.131,2.164,890.0
0.77,3.954,0.25,0.379,831.0
0.662,2.699,0.18,-1.431,163.0
-0.036,1.467,-0.307,1.684,268.0
-1.059,1.569,-0.193,0.362,274.0
0.849,1.717,0.249,1.101,800.0
-0.278,0.89,0.141,0.603,791.0
0.05,-0.669,-0.301,1.25,468.0
-0.113,2.319,0.056,0.776,693.0
0.409,0.576,-2.333,1.066,308.0
0.072,1.192,0.512,-0.23,288.0
0.407,1.758,0.847,0.047,824.0
0.261,1.347,0.698,0.49,663.0
0.908,0.985,-1.999,2.123,387.0
0.35,0.886,-0.659,0.508,752.0
1.05,1.3,-0.12,0.644,493.0
-0.115,1.788,-0.521,1.531,649.0
0.155,0.534,-0.785,2.014,441.0
0.042,2.124,-0.742,0.186,583.0
-0.451,0.81,-0.406,0.28,256.0
-0.276,1.589,0.976,1.398,381.0
-0.214,2.26,1.368,0.674,633.0
0.359,1.659,-0.458,2.275,767.0
0.497,2.375,0.062,0.713,413.0
-0.923,1.062,-0.117,1.635,210.0
0.377,1.578,1.784,0.567,760.0
-0.495,2.507,1.427,1.19,748.0
-0.87,1.407,-0.549,-0.243,150.0
1.207,-1.179,0.49,-0.572,252.0
-0.604,0.99,-1.062,-0.094,198.0
-0.159,2.481,1.13,1.562,583.0
0.42,2.326,2.943,0.899,539.0
0.346,1.508,-1.244,2.72,504.0
0.831,0.114,0.78,1.582,745.0
-1.022,0.956,-0.835,1.845,298.0
0.924,1.332,-1.749,-0.079,274.0
0.187,2.494,0.607,0.397,703.0
-0.302,0.691,-0.217,0.003,403.0
-0.813,0.095,-0.578,1.636,351.0
-1.052,1.487,-2.071,-0.948,101.0
0.339,3.661,0.318,0.421,1069.0
0.328,1.802,-0.585,1.577,817.0
1.335,1.469,1.127,1.696,844.0
-0.861,0.461,-0.607,2.732,271.0
0.331,1.197,0.762,0.272,595.0
1.996,2.245,0.219,1.257,875.0
-1.452,-0.123,-0.531,-0.745,86.0
0.656,2.529,0.897,1.578,973.0
0.186,3.059,-0.615,1.537,1187.0
0.293,2.431,1.994,1.146,662.0
-0.2,1.142,-0.839,-0.098,193.0
-0.899,0.121,-0.319,2.925,321.0
1.608,3.152,-0.328,1.302,1247.0
-0.413,2.348,-1.886,1.655,320.0
-0.099,0.9,-1.419,0.952,194.0
0.985,0.488,-1.205,0.032,496.0
1.131,-0.532,1.39,1.119,400.0
-0.783,0.777,0.606,1.357,214.0
1.831,2.362,1.86,1.652,431.0
0.163,0.513,0.902,3.608,909.0
0.09,1.141,-0.612,0.501,587.0
0.5,0.85,2.686,2.325,735.0
-0.888,0.953,-0.02,0.828,200.0
0.358,1.417,-0.508,2.793,938.0
0.193,1.635,-1.227,-0.326,184.0
-0.182,0.389,0.874,0.658,414.0
0.927,1.892,-1.025,1.256,322.0
0.776,0.722,0.129,0.999,354.0
-1.043,0.473,-1.303,-0.998,85.0
-0.729,2.599,-1.13,0.569,357.0
1.153,-0.524,2.133,1.33,548.0
-1.485,0.468,0.644,0.881,210.0
0.326,2.699,0.182,0.079,587.0
0.263,1.404,1.621,0.064,506.0
0.12,-0.472,0.393,0.794,704.0
-1.674,1.496,-0.432,1.561,188.0
-1.917,2.908,0.272,-0.745,84.0
-1.39,-0.498,-0.707,1.091,255.0
-1.09,-0.226,0.625,3.081,207.0
-0.278,-0.74,-0.695,3.469,230.0
-2.0,0.254,-0.983,-0.038,116.0
-0.615,-0.178,0.474,-0.952,140.0
-0.049,1.141,-0.035,1.066,842.0
-0.099,-0.197,-0.106,1.022,354.0
0.119,0.197,1.246,1.251,306.0
-0.339,0.932,-0.286,0.127,258.0
1.221,2.496,-0.148,1.377,748.0
1.856,1.821,-0.218,1.814,673.0
-0.764,1.275,0.712,3.063,280.0
0.733,-0.114,1.055,0.496,662.0
-1.631,-0.773,1.227,0.245,190.0
0.012,4.177,-1.812,0.183,403.0
-0.304,0.54,-1.384,1.177,589.0
-1.476,-0.535,0.546,0.701,289.0
0.445,1.045,1.276,1.884,387.0
-0.02,1.579,0.054,-0.802,136.0
0.942,0.921,0.658,1.317,572.0
1.1,0.224,-0.035,1.006,867.0
-0.552,5.0,-0.694,3.241,1089.0
0.176,1.75,1.149,-0.363,503.0
0.245,-0.445,-0.251,2.471,356.0
0.97,2.001,0.299,-0.464,634.0
-0.262,1.585,-0.808,0.082,492.0
-0.187,-0.192,0.377,2.497,656.0
-0.467,0.419,-0.248,-0.079,275.0
-0.985,1.779,2.116,0.268,227.0
0.525,1.633,1.784,1.456,707.0
0.789,1.059,0.075,0.824,576.0
-1.239,2.152,-0.7,0.858,245.0
0.008,0.297,-0.264,-0.232,525.0
-0.756,1.769,-0.829,-1.307,98.0
-0.377,1.688,-1.311,0.083,397.0
-0.672,2.063,0.191,0.02,368.0
0.751,1.184,0.048,0.514,207.0
0.69,-0.623,-0.736,0.698,252.0
-0.075,0.128,0.455,-0.325,198.0
0.231,0.644,-0.733,0.902,457.0
-1.399,0.969,-1.435,0.535,377.0
-1.66,0.85,0.49,2.57,188.0
-0.081,2.075,0.133,0.118,426.0
1.317,-0.739,-2.137,-1.281,182.0
1.415,2.505,-0.399,0.469,593.0
0.06,0.625,1.757,1.413,374.0
-0.582,1.179,1.25,-0.215,187.0
0.659,-0.869,1.703,-0.295,316.0
-1.918,0.326,-0.199,0.261,180.0
-1.063,2.974,0.346,1.548,449.0
-0.518,1.209,0.354,0.801,458.0
0.156,-0.012,0.567,-1.239,174.0
-0.692,1.402,-0.77,0.133,331.0
0.539,0.153,0.071,1.898,700.0
-0.951,0.19,-1.114,0.872,444.0
-2.0,1.52,2.436,2.32,176.0
1.637,1.224,0.759,1.648,629.0
0.162,0.662,0.998,0.027,165.0
0.401,1.857,-0.922,-0.319,252.0
0.224,1.525,0.089,1.063,341.0
-1.095,0.368,1.261,0.689,206.0
-0.078,1.789,-1.534,0.73,458.0
-1.244,0.228,-0.903,-0.857,171.0
-2.0,2.228,0.605,-0.866,52.0
-0.533,1.575,-1.603,0.093,263.0
-0.801,1.028,0.419,0.917,259.0
-1.458,1.085,0.398,2.193,359.0
-0.373,0.792,0.013,-0.082,268.0
-0.179,1.778,-0.125,-0.099,140.0
0.403,0.823,-0.927,1.279,335.0
0.062,2.512,-0.743,1.996,459.0
0.206,1.181,-0.396,2.606,686.0
-0.467,0.855,-1.452,1.509,277.0
-1.607,-0.101,1.059,-0.794,84.0
-0.567,0.431,2.345,0.198,371.0
-1.72,0.227,0.681,1.941,186.0
0.864,2.316,0.691,2.244,455.0
0.088,1.424,2.139,0.822,360.0
-0.136,1.903,0.959,1.455,734.0
0.895,1.827,-1.953,1.998,605.0
1.326,2.462,-0.513,0.465,327.0
-1.953,2.665,-0.169,-0.709,110.0
-1.122,0.257,-0.773,2.831,696.0
-0.75,2.397,-0.901,0.079,547.0
0.085,1.233,-0.208,1.2,380.0
-0.123,1.729,-1.114,1.212,595.0
-1.732,0.07,-1.338,0.65,119.0
0.857,1.31,0.014,1.768,361.0
-1.094,0.802,1.318,1.157,276.0
-0.896,2.202,-0.712,2.68,274.0
0.847,1.528,-0.191,0.554,370.0
-1.41,0.618,0.836,2.532,196.0
-0.502,1.143,-0.724,2.55,221.0
0.522,-0.498,-0.446,-0.637,233.0
0.988,1.572,0.125,1.913,602.0
0.063,1.337,0.701,0.709,406.0
0.429,0.18,1.567,1.309,224.0
1.661,0.998,0.913,1.516,251.0
0.79,-1.084,0.708,4.817,530.0
-0.039,0.748,0.58,-0.055,414.0
-1.062,-0.716,-0.257,1.646,339.0
-0.923,1.273,-0.673,1.234,260.0
-0.882,1.376,-0.62,-0.505,131.0
0.364,1.452,-1.553,1.261,372.0
-0.111,1.007,-0.161,2.428,401.0
-0.513,1.435,-0.239,0.682,158.0
0.04,2.362,-0.458,2.292,778.0
0.924,-0.389,0.736,1.44,558.0
2.339,-1.418,-0.607,0.013,217.0
-0.136,1.759,-0.137,0.185,390.0
0.619,4.093,0.699,1.566,891.0
1.314,0.548,1.211,0.053,277.0
1.818,0.779,-0.126,2.873,710.0
-0.218,0.804,-1.291,1.842,322.0
-0.126,0.589,-2.043,1.099,602.0
2.086,0.056,0.776,0.593,335.0
0.083,3.337,-2.105,1.601,744.0
0.54,1.119,1.752,0.952,893.0
0.353,-1.638,0.015,1.042,606.0
-0.982,1.946,-0.186,1.708,590.0
-1.985,-0.354,1.034,-0.503,99.0
0.937,1.999,0.451,0.083,555.0
1.255,1.524,-0.096,1.664,374.0
1.548,1.995,1.585,2.457,490.0
-0.847,1.214,-0.812,-0.607,234.0
-0.719,1.347,0.593,2.855,507.0
0.056,0.124,-0.418,2.245,724.0
-0.201,0.608,-0.73,2.003,824.0
-1.468,0.57,-0.263,1.164,172.0
-0.903,1.205,0.687,1.221,540.0
-0.615,3.329,0.844,-0.402,500.0
-1.486,2.146,1.232,1.909,399.0
1.117,0.771,-0.108,3.234,1405.0
0.865,2.629,1.198,1.728,983.0
-0.177,0.455,-0.18,0.512,319.0
-0.472,1.133,0.473,0.952,150.0
0.352,-0.24,-0.927,2.065,844.0
-0.684,1.764,0.436,1.088,282.0
-0.63,1.94,-0.751,2.106,217.0
0.326,0.575,-0.107,1.172,432.0
0.613,1.596,-1.23,0.183,542.0
0.41,0.957,-0.287,-1.118,172.0
-0.103,2.553,1.395,0.567,364.0
-0.027,1.085,0.611,1.52,548.0
-0.942,-0.04,-1.876,1.522,597.0
0.794,2.964,-1.73,0.359,327.0
-0.579,2.269,0.42,1.165,577.0
-0.258,1.613,-0.19,-1.214,291.0
-0.916,1.225,-1.612,0.286,222.0
-0.322,2.006,0.042,2.382,372.0
-2.0,0.343,1.858,0.683,177.0
0.69,0.097,0.193,0.855,250.0
0.736,1.024,2.916,2.185,806.0
0.438,1.595,1.322,0.585,714.0
0.806,0.807,1.024,0.661,536.0
0.567,-0.953,-0.674,1.869,250.0
1.28,1.102,0.185,1.46,564.0
-1.699,3.453,-0.537,0.548,123.0
0.286,0.144,-0.528,0.771,231.0
0.109,1.184,-0.765,1.472,235.0
1.138,0.052,-0.147,0.43,592.0
0.887,2.397,0.823,1.274,744.0
0.894,0.756,-0.11,-0.036,303.0
-0.921,-0.802,-0.372,1.26,212.0
1.465,2.094,-0.752,-0.394,494.0
1.221,0.573,-1.467,2.916,336.0
2.621,1.483,-0.414,1.918,450.0
-0.645,2.002,0.123,1.744,801.0
-0.574,-0.472,-0.394,4.219,699.0
0.237,2.338,-0.675,0.944,379.0
0.192,1.161,-1.918,1.541,602.0
1.279,2.078,-0.53,0.798,253.0
1.352,0.544,-0.983,2.46,348.0
-0.071,1.236,-1.544,0.53,234.0
-1.228,-0.242,0.462,-0.049,269.0
-1.29,0.973,1.192,0.696,200.0
-1.127,0.994,1.88,-0.14,109.0
1.341,1.835,-0.882,1.744,423.0
-0.633,0.899,-1.577,0.99,191.0
0.334,1.811,0.775,0.454,271.0
-0.52,0.262,-0.108,3.299,472.0
0.245,1.928,2.78,-1.277,396.0
0.497,0.864,-1.352,0.323,370.0
-0.006,1.35,2.3,1.981,429.0
0.019,-1.139,0.235,0.984,238.0
-0.354,1.026,0.859,0.49,303.0
1.038,0.589,0.321,0.768,255.0
-1.32,2.615,-0.06,0.347,549.0
0.862,1.078,0.002,1.044,231.0
-0.72,0.001,0.494,0.586,447.0
-0.932,3.887,-0.374,0.829,597.0
0.394,2.619,-0.804,0.721,436.0
-1.363,0.497,0.854,0.193,222.0
0.693,0.255,0.773,2.512,250.0
1.004,0.639,-0.394,1.886,334.0
-1.24,-1.121,0.481,1.163,386.0
0.407,1.799,-0.663,3.612,1307.0
-0.566,0.916,1.229,2.345,341.0
-0.061,-0.334,-0.426,1.171,711.0
-2.0,1.141,0.255,2.44,177.0
0.747,0.814,1.605,0.923,771.0
0.425,1.609,1.854,1.485,583.0
-0.847,1.891,0.987,0.984,298.0
0.46,2.694,-0.938,2.552,903.0
0.024,1.109,0.746,0.01,317.0
-0.735,2.481,1.091,-1.429,114.0
-1.438,0.005,-2.333,1.624,486.0
-1.194,-0.474,0.878,0.647,262.0
-1.565,0.236,-0.562,1.709,192.0
1.358,0.965,0.268,1.88,260.0
-1.507,0.968,-1.296,0.554,151.0
0.24,1.206,0.103,-0.533,504.0
-0.324,-0.339,0.232,0.006,399.0
-0.822,0.242,0.283,0.412,188.0
0.439,1.206,-0.556,-0.276,322.0
-1.533,0.443,-0.553,0.922,193.0
-0.721,2.711,-0.493,1.855,768.0
1.149,1.222,1.257,0.549,496.0
-0.098,1.292,-1.089,0.701,423.0
-0.749,0.695,-1.868,2.199,337.0
0.022,2.107,0.976,0.336,340.0
0.614,0.768,1.538,0.605,600.0
-1.002,1.214,-0.821,0.444,200.0
-0.161,1.487,0.598,0.506,467.0
-0.935,0.559,0.61,1.273,539.0
-1.946,-1.283,0.456,0.666,179.0
0.554,1.586,1.142,0.523,566.0
1.203,1.35,-0.693,-0.101,457.0
-0.791,-0.451,-0.674,1.258,216.0
0.247,1.379,0.071,-0.042,199.0
-0.428,-1.21,-1.392,1.157,227.0
1.301,-0.861,1.286,1.758,265.0
-1.092,0.969,0.083,1.27,297.0
-0.266,2.555,-1.247,0.484,568.0
-0.414,1.99,1.132,1.393,394.0
-0.31,0.2,-1.194,0.786,227.0
-0.344,0.713,0.093,1.943,359.0
-1.217,-0.092,0.667,3.363,659.0
1.972,1.596,1.755,0.332,816.0
-0.107,1.01,0.042,1.622,655.0
1.574,1.986,0.819,-0.26,688.0
1.63,3.975,-0.305,-0.996,269.0
2.372,1.071,-1.492,0.613,349.0
0.646,-0.913,0.676,0.311,423.0
-1.312,1.994,0.961,1.542,198.0
-0.288,2.457,0.423,2.171,799.0
0.031,-1.269,0.053,1.23,431.0
-1.749,1.18,1.395,0.262,183.0
1.144,0.385,0.522,-0.674,335.0
0.75,0.395,1.383,0.247,708.0
-1.361,0.696,-1.214,0.846,162.0
0.697,1.175,1.499,-0.266,615.0
-1.382,2.839,0.115,-1.323,113.0
-0.791,1.237,-0.14,0.224,184.0
0.68,-0.352,-0.283,1.436,251.0
1.157,1.861,1.921,2.28,779.0
0.662,0.73,1.398,0.462,538.0
-0.013,1.621,-0.758,1.727,330.0
0.172,2.061,-1.684,0.079,363.0
-0.789,0.707,0.292,-0.934,217.0
-0.758,-0.181,0.638,1.271,381.0
0.973,3.066,-0.668,0.424,302.0
1.505,0.708,0.216,1.005,465.0
-0.105,0.768,1.017,0.746,340.0
-1.028,3.845,-0.222,-1.548,99.0
0.618,1.218,0.78,0.533,335.0
0.662,0.716,-1.04,2.186,572.0
2.036,1.7,0.829,1.421,778.0
-0.653,-0.399,-0.797,-0.719,88.0
1.146,1.684,0.258,-0.353,746.0
1.577,2.897,0.043,0.442,848.0
-0.843,-0.063,1.61,2.197,389.0
2.05,0.715,-0.061,1.872,272.0
-0.749,0.263,0.758,0.605,492.0
0.464,1.351,0.01,1.256,819.0
-0.762,2.461,-0.859,1.281,213.0
0.171,0.018,0.833,0.798,811.0
-1.319,-0.609,-0.031,1.987,371.0
2.655,0.645,0.067,-0.095,257.0
-0.831,1.871,1.688,1.791,284.0
-0.387,1.746,1.223,1.577,325.0
-1.071,1.853,2.202,1.534,589.0
-0.882,1.252,0.954,0.552,333.0
-0.499,1.897,-0.392,0.64,626.0
-0.003,1.771,-1.007,2.664,784.0
-0.558,2.023,0.247,0.57,592.0
0.078,-0.192,0.848,-1.246,136.0
-0.934,-0.725,1.592,1.001,536.0
1.741,1.071,0.66,0.963,527.0
0.913,1.117,1.021,1.368,252.0
0.582,1.178,0.27,1.048,521.0
-1.912,0.191,0.179,-0.14,165.0
-1.135,0.53,0.703,1.818,344.0
0.575,0.804,-2.333,0.637,199.0
0.152,3.312,0.288,3.841,915.0
-0.899,2.468,1.062,1.862,209.0
-0.873,0.04,0.239,1.871,334.0
-0.021,0.43,0.15,0.914,806.0
0.468,1.767,1.155,-1.219,320.0
-0.801,2.729,0.296,0.725,583.0
-0.159,1.789,-0.945,-0.558,125.0
0.242,1.45,0.002,0.2,818.0
-1.168,2.264,-1.177,2.306,529.0
0.422,2.439,-0.522,-0.217,642.0
-0.318,1.129,1.153,1.637,379.0
0.424,2.128,-0.051,2.526,239.0
0.975,1.765,0.972,1.327,723.0
0.706,2.008,0.525,-0.744,393.0
-0.879,1.776,1.585,-0.171,463.0
1.404,2.79,-0.27,1.336,924.0
-1.907,0.888,-1.15,0.326,115.0
0.965,0.467,-2.216,0.754,544.0
1.183,1.446,0.091,-0.05,440.0
-0.577,1.761,0.516,2.461,218.0
0.621,2.204,1.357,2.078,708.0
1.004,-0.525,0.58,0.052,474.0
-0.995,1.752,0.215,2.023,269.0
-1.628,1.824,1.689,1.268,141.0
-1.417,1.072,-0.286,1.235,172.0
0.34,0.961,-0.162,1.206,916.0
1.772,1.821,1.667,0.5,926.0
1.045,2.434,0.482,1.043,248.0
1.016,1.602,0.234,1.965,252.0
-2.0,-0.614,0.39,2.272,177.0
0.222,1.285,0.162,0.966,525.0
0.487,2.13,1.13,0.478,591.0
-0.097,-1.372,0.127,1.524,714.0
-0.615,1.153,-0.062,0.59,218.0
0.293,0.938,-1.039,1.14,436.0
-0.053,0.17,-1.408,1.37,412.0
-0.285,-0.119,0.327,2.901,479.0
-0.962,1.645,1.712,3.096,266.0
-0.515,1.006,-0.889,2.227,433.0
-1.69,2.309,0.436,1.295,175.0
0.708,2.536,-0.108,-0.927,103.0
-1.245,2.417,-0.198,-0.425,176.0
-0.165,1.183,1.318,1.021,507.0
-0.081,-0.285,-0.289,1.394,234.0
-1.006,1.081,-0.225,0.798,357.0
1.042,2.204,-1.27,1.838,593.0
-0.101,-0.263,0.612,1.061,629.0
-2.0,1.631,0.562,0.603,176.0
-1.256,1.39,-0.348,1.174,366.0
-0.398,1.647,0.18,-0.695,135.0
0.167,2.288,-0.44,2.937,829.0
1.072,1.809,-1.186,0.291,624.0
0.232,1.165,0.021,2.92,662.0
-0.963,2.736,-0.571,1.773,466.0
1.804,0.388,0.811,-0.344,423.0
0.178,1.344,1.504,1.17,742.0
0.732,0.367,0.299,0.031,440.0
0.901,-1.395,-0.984,0.671,494.0
-0.017,1.662,0.447,1.274,772.0
0.702,-1.445,1.231,1.708,783.0
0.906,1.23,-0.475,1.424,396.0
0.825,-1.743,-0.197,0.558,213.0
-0.763,1.534,2.335,1.176,624.0
-1.327,1.42,-0.489,0.338,301.0
0.639,0.713,-1.641,-0.015,771.0
-0.611,1.937,-0.129,0.43,638.0
-0.905,0.779,0.047,1.742,425.0
1.735,0.622,-0.336,-0.018,578.0
-0.713,2.006,-2.333,1.183,620.0
1.569,0.954,-0.334,0.313,400.0
0.678,1.166,-0.659,0.493,247.0
-0.539,0.74,1.034,1.278,186.0
0.512,0.661,-1.286,1.244,332.0
-0.448,0.341,0.376,0.937,458.0
-1.098,-0.564,0.653,1.19,207.0
0.448,2.138,0.567,1.416,629.0
0.167,1.737,1.28,-1.117,286.0
1.165,1.299,-0.778,3.081,256.0
0.657,0.688,2.047,1.358,396.0
-0.662,0.885,0.402,0.52,403.0
-0.818,0.628,-0.679,0.357,163.0
0.413,0.273,0.514,1.244,244.0
-2.0,0.589,0.243,2.723,177.0
-1.189,0.431,0.612,2.632,413.0
0.283,2.49,-0.204,-0.484,257.0
-0.464,1.453,-0.278,-1.114,234.0
-2.0,1.508,0.726,2.24,176.0
0.618,2.406,2.008,1.645,766.0
-0.463,1.337,-1.058,3.231,222.0
-1.325,1.283,0.055,0.832,320.0
0.507,2.202,-1.586,3.784,398.0
-0.04,-0.025,-0.808,1.388,338.0
-0.486,0.753,0.578,1.273,758.0
-0.757,0.049,-0.842,1.242,412.0
1.504,1.35,-1.517,3.535,335.0
1.516,3.075,-1.341,3.169,781.0
1.311,0.507,-0.602,3.158,616.0
0.646,0.192,2.201,0.696,531.0
-0.45,-1.278,1.682,0.904,548.0
0.589,0.663,0.069,0.659,433.0
1.56,3.424,0.027,1.696,923.0
-0.527,0.725,-0.357,2.114,426.0
0.377,-0.661,-1.116,0.054,211.0
0.295,1.92,0.781,1.644,537.0
-1.17,-0.331,0.133,0.062,290.0
0.641,1.326,-0.489,0.236,597.0
-1.334,1.474,-1.908,0.975,161.0
-0.623,-0.181,2.257,0.833,220.0
0.897,-1.485,0.227,0.6,377.0
-0.509,0.135,-0.025,1.379,486.0
-0.827,-1.367,0.662,1.691,467.0
0.724,0.493,1.694,2.005,860.0
-0.582,-1.27,-0.57,1.551,222.0
0.042,1.491,-0.581,-1.13,308.0
-0.46,1.515,-0.087,1.036,322.0
1.061,1.16,0.426,-1.523,88.0
0.098,0.705,-0.399,0.545,523.0
-0.194,1.388,1.073,0.413,633.0
-1.514,1.306,0.657,-0.467,152.0
-1.778,2.596,1.219,0.79,184.0
0.867,2.525,-1.006,-0.869,391.0
0.114,1.856,-1.454,0.594,479.0
1.265,0.497,-1.26,0.982,606.0
1.315,1.215,-0.148,3.047,664.0
1.161,0.629,-1.648,0.917,377.0
1.838,0.495,-0.062,0.26,628.0
-0.799,3.024,1.171,3.103,996.0
-0.451,0.731,-0.756,1.55,223.0
-1.542,0.21,-0.498,3.273,192.0
-0.466,3.193,-0.766,1.065,478.0
-1.124,1.8,0.328,-1.037,111.0
0.751,1.199,-1.367,0.364,359.0
0.975,2.313,-0.28,1.271,331.0
-1.632,2.352,-2.166,-0.278,258.0
-0.852,2.727,1.298,0.556,334.0
0.855,1.501,0.654,-0.539,168.0
-0.295,1.865,0.374,1.422,225.0
0.264,0.883,2.026,0.315,349.0
-0.892,0.741,0.773,-0.927,96.0
-0.396,2.778,-1.328,-0.382,365.0
-0.336,0.995,0.793,1.674,642.0
-1.0,0.895,-1.313,0.991,208.0
1.571,1.343,0.466,1.1,577.0
1.055,0.69,-0.116,0.628,305.0
0.237,1.103,1.261,0.977,639.0
-0.434,1.687,-0.424,0.124,330.0
0.349,0.887,-0.557,1.029,739.0
1.302,1.301,-0.073,1.688,325.0
0.938,2.161,1.211,0.986,312.0
0.341,1.089,0.487,0.705,321.0
-0.919,0.905,-0.802,2.613,284.0
1.334,1.221,-0.69,2.108,418.0
-1.266,1.971,-1.538,0.534,317.0
-0.685,-0.622,-0.857,1.662,462.0
-0.306,1.28,-0.541,0.85,310.0
1.502,-0.88,-0.153,0.923,372.0
-0.944,1.942,-0.466,1.22,680.0
0.131,2.726,1.256,2.07,643.0
-0.849,1.736,-2.258,-0.738,186.0
-0.449,1.483,-0.881,0.407,222.0
1.429,-0.636,0.925,0.881,266.0
0.585,0.834,1.292,1.414,246.0
0.702,0.484,1.56,2.529,249.0
1.176,0.562,-1.153,2.271,506.0
1.409,2.866,-0.654,3.174,344.0
0.802,1.566,-0.78,1.096,370.0
0.2,0.008,0.039,1.302,317.0
0.186,2.398,0.17,0.393,794.0
-0.624,1.794,-1.816,1.686,217.0
-0.633,3.075,0.422,1.821,912.0
-0.689,-2.12,-0.077,0.467,306.0
-0.087,3.048,-0.827,0.416,353.0
0.781,0.609,-0.295,0.523,304.0
-0.628,0.645,0.226,1.178,698.0
1.949,2.705,-0.377,-0.018,612.0
-0.722,-0.031,-2.003,1.515,217.0
0.065,3.398,0.663,0.743,670.0
-1.091,1.304,1.086,1.148,263.0
0.441,1.523,-0.28,0.969,573.0
-1.069,0.947,1.452,0.394,193.0
-0.509,1.608,-1.154,0.94,546.0
0.099,0.518,0.031,1.058,220.0
0.343,2.917,1.868,-1.284,183.0
0.625,1.216,-0.844,-0.347,176.0
-2.0,-0.132,0.071,0.849,177.0
-1.052,-0.113,-1.825,2.957,520.0
1.043,1.025,1.05,3.658,1032.0
1.322,0.234,0.666,0.607,559.0
-0.098,0.493,-0.409,0.772,232.0
-1.822,-0.687,0.57,1.256,183.0
0.549,2.152,-1.7,1.148,318.0
0.769,0.463,-0.635,2.682,251.0
-1.463,1.106,-0.166,2.25,286.0
-0.443,1.145,0.225,3.138,803.0
-0.584,2.113,0.894,1.05,183.0
1.619,2.795,0.987,0.205,199.0
1.228,3.519,-1.616,2.731,977.0
0.073,2.06,-0.053,1.992,731.0
0.036,0.965,-0.416,2.643,234.0
-1.237,-0.619,0.509,0.956,283.0
1.467,0.948,-0.145,1.784,558.0
0.315,2.217,-1.082,-0.795,459.0
-0.986,0.567,0.57,1.148,494.0
0.543,3.524,1.021,2.532,968.0
-0.21,0.2,2.2,0.381,201.0
-0.915,0.389,2.907,0.475,175.0
2.335,0.45,-0.243,1.811,278.0
0.463,3.125,-0.422,1.674,636.0
0.429,2.05,1.405,-0.076,574.0
-0.255,-0.653,2.393,0.991,230.0
-0.057,0.54,1.415,1.652,429.0
0.152,-0.349,-0.38,0.537,397.0
-0.031,1.084,-0.747,1.747,232.0
-0.648,1.086,0.733,2.617,456.0
-0.547,0.867,-1.728,-1.623,123.0
-1.6,3.034,-2.19,1.805,377.0
-1.262,1.627,-0.512,3.144,385.0
-1.065,0.816,0.714,1.728,373.0
-0.31,0.211,-1.121,2.073,425.0
-2.0,1.15,0.173,1.507,177.0
2.331,0.482,0.541,-0.066,466.0
1.168,0.626,0.189,-0.155,737.0
1.446,0.012,-1.118,0.896,348.0
-0.193,1.439,0.844,-0.286,202.0
-0.251,0.216,-1.684,0.463,272.0
1.073,1.014,0.318,-0.174,376.0
0.598,1.607,-0.582,0.654,468.0
0.758,0.929,2.24,-0.99,93.0
-2.0,1.088,0.415,1.036,177.0
1.87,1.769,0.201,1.379,583.0
-0.244,3.04,-0.259,2.007,815.0
-1.424,1.268,0.838,1.765,196.0
-0.41,0.96,-2.004,-0.643,291.0
0.053,1.887,-0.698,1.969,630.0
1.114,1.915,0.032,0.775,736.0
1.271,1.777,-0.021,-0.23,521.0
-0.496,1.305,0.324,-0.082,444.0
0.745,-0.076,0.603,1.076,252.0
2.121,0.141,-0.998,-0.029,459.0
0.063,1.925,-0.37,1.815,560.0
0.796,0.816,-1.716,1.681,380.0
-1.794,2.264,0.723,-0.372,111.0
2.065,0.549,-1.161,-0.153,302.0
0.558,1.429,-1.187,0.575,316.0
1.341,2.078,0.088,1.227,726.0
-0.281,-0.548,0.21,2.363,597.0
-0.476,0.944,0.195,-0.757,175.0
0.865,1.414,-0.714,1.634,326.0
-0.982,0.946,-1.776,1.948,209.0
-0.646,1.274,-0.059,1.042,392.0
1.674,1.547,0.433,0.848,356.0
-1.392,1.757,-2.09,0.16,300.0
-0.796,1.769,1.367,2.517,269.0
-1.758,0.856,-0.777,0.904,150.0
0.585,1.073,-0.251,-0.858,248.0
1.529,3.765,0.357,1.279,843.0
-0.091,1.98,0.55,-1.629,157.0
-0.434,1.697,0.464,0.268,548.0
-2.0,0.41,0.645,2.556,177.0
0.973,0.6,-0.341,0.004,217.0
-0.283,0.348,1.475,1.248,468.0
0.458,0.137,-1.505,2.441,554.0
1.073,1.063,0.245,0.804,255.0
0.644,1.849,-0.428,0.606,507.0
0.518,0.573,1.448,-0.254,438.0
-0.637,0.078,1.454,1.872,373.0
0.261,0.514,-2.333,-0.231,434.0
-0.285,0.633,2.029,-0.477,385.0
1.153,0.204,0.267,1.235,525.0
0.28,0.758,0.047,1.312,413.0
-0.382,0.809,-0.054,-0.097,259.0
0.081,1.72,-0.233,0.398,315.0
-0.449,1.746,0.895,0.901,375.0
-0.377,-1.741,-1.235,2.771,229.0
-1.442,0.047,0.907,0.423,176.0
-0.432,1.847,0.991,1.469,521.0
-0.142,2.232,-0.0,1.072,413.0
-0.656,2.229,-0.865,-0.014,243.0
1.061,1.412,-0.552,2.402,744.0
-0.556,2.313,0.978,2.238,968.0
-0.137,-1.271,0.866,1.72,825.0
-0.326,0.313,-0.223,1.365,511.0
1.29,2.238,-0.258,0.287,554.0
-0.455,0.085,0.157,1.037,178.0
0.071,0.134,1.411,3.272,391.0
0.658,0.976,0.677,2.416,466.0
0.02,2.252,0.525,1.567,391.0
2.056,2.003,-1.366,0.67,317.0
-1.538,1.59,-0.47,2.119,192.0
0.066,1.944,2.126,1.377,518.0
0.29,0.312,0.277,0.863,318.0
-0.914,0.279,0.712,2.24,695.0
-1.183,2.085,0.193,1.061,404.0
-1.486,2.093,1.217,-0.742,118.0
-0.07,0.941,-0.998,0.682,388.0
1.382,1.019,-0.853,1.679,640.0
-1.928,1.374,0.678,2.033,156.0
-0.011,1.676,1.369,0.922,386.0
0.684,2.589,0.332,-0.052,698.0
1.123,-1.532,-0.554,1.726,362.0
-0.599,1.187,-1.003,0.768,268.0
-0.92,0.151,-0.151,-1.603,65.0
-0.381,2.642,-2.196,1.604,659.0
-0.51,2.176,0.773,1.574,638.0
1.284,1.834,-2.333,2.515,516.0
-1.036,3.254,2.336,2.008,896.0
0.659,0.072,1.006,2.212,386.0
-1.106,1.026,-1.318,1.951,592.0
-0.852,1.803,0.307,1.175,520.0
-0.692,0.881,1.331,2.321,290.0
0.629,1.064,-0.533,3.331,348.0
-1.388,0.69,-0.632,3.253,197.0
-0.148,1.106,0.535,0.833,544.0
-2.0,1.459,1.249,0.676,176.0
0.678,1.669,-0.059,1.419,670.0
0.251,2.127,0.353,0.259,650.0
0.812,1.06,1.151,-0.015,364.0
-1.435,0.336,-0.464,0.349,157.0
0.41,-0.163,-1.349,1.567,332.0
-2.0,0.138,2.034,1.153,177.0
-1.7,1.206,-0.127,0.079,84.0
-1.245,1.172,0.516,0.891,201.0
0.974,0.125,1.47,1.052,256.0
-1.194,3.265,-1.09,-1.178,172.0
0.411,0.661,-0.078,1.239,523.0
-1.904,0.787,-0.566,2.682,180.0
0.321,1.551,2.138,3.239,982.0
-1.143,2.335,-0.918,-0.299,244.0
0.826,0.028,-1.525,0.487,332.0
-1.623,-0.352,-1.196,-0.581,119.0
-0.5,1.563,-0.347,2.172,317.0
0.388,1.762,0.442,1.683,820.0
-0.223,0.223,0.067,0.911,391.0
2.544,1.241,0.695,2.343,985.0
-0.32,2.124,-0.049,0.027,140.0
-0.389,1.144,0.096,-1.529,109.0
-0.477,0.961,0.975,1.023,471.0
0.415,1.897,-0.011,1.296,609.0
0.928,0.26,-0.292,0.416,532.0
0.511,1.057,1.146,0.827,384.0
-0.78,2.434,0.657,1.493,544.0
0.855,1.097,-0.196,2.757,571.0
0.223,-0.125,-0.599,1.354,452.0
-0.468,1.5,-0.404,2.19,221.0
-0.372,1.773,-1.867,1.606,284.0
0.458,0.407,0.436,0.07,267.0
0.406,1.745,-0.405,0.766,299.0
-0.143,0.664,-2.301,0.346,608.0
-0.284,2.742,0.502,0.72,802.0
-0.418,0.632,1.455,0.039,254.0
1.451,1.372,1.226,-0.286,885.0
0.343,2.234,-0.13,0.87,713.0
-0.871,1.044,2.009,0.693,487.0
-0.834,1.327,0.831,0.201,281.0
0.09,1.901,2.053,0.676,684.0
0.893,0.797,0.054,-0.123,593.0
0.612,0.378,-0.214,0.221,799.0
-1.034,0.922,0.014,0.813,184.0
0.239,0.53,0.767,1.15,376.0
-0.995,2.082,-0.369,0.406,322.0
0.038,1.03,-0.351,-0.336,230.0
0.775,-0.065,1.448,2.263,661.0
-0.071,1.241,0.073,0.838,445.0
-0.438,-0.222,0.179,0.259,332.0
0.753,0.95,0.312,3.175,1006.0
1.207,2.206,-0.246,1.763,754.0
-0.821,2.068,2.046,1.426,653.0
-0.244,1.721,0.714,1.34,760.0
0.484,1.762,-0.519,1.089,979.0
-0.222,1.565,-0.051,-0.712,104.0
-0.702,0.48,-2.333,0.645,541.0
0.03,2.883,-0.335,2.705,981.0
-0.458,-1.503,0.271,0.634,226.0
0.0,1.099,-0.965,-0.546,191.0
-1.727,-1.851,1.352,0.843,187.0
0.232,3.187,-0.426,1.027,984.0
-1.66,-1.659,0.418,1.12,189.0
1.109,-0.73,-0.616,0.744,402.0
-0.121,-1.852,0.147,1.107,235.0
0.992,0.652,0.352,1.992,372.0
0.32,1.376,-0.194,-0.868,636.0
-0.107,1.456,-0.355,1.188,400.0
0.604,3.802,-1.731,1.46,870.0
1.22,0.943,-1.596,1.06,810.0
0.541,0.508,0.695,-0.518,253.0
-0.185,1.524,-1.145,-0.332,435.0
0.19,1.13,1.045,4.055,656.0
-1.191,0.487,2.15,0.668,478.0
1.605,2.155,0.224,-0.346,765.0
0.756,1.656,-0.772,0.18,414.0
1.539,-0.171,0.096,-0.55,557.0
-0.578,2.821,-1.475,0.213,632.0
0.571,1.51,0.858,-0.176,570.0
-0.591,-0.624,0.82,0.055,337.0
-0.21,1.546,0.508,0.595,686.0
-0.088,0.647,-1.301,1.426,415.0
0.489,0.723,-0.868,0.533,469.0
1.869,0.663,-1.129,1.475,794.0
0.517,0.101,-0.119,-0.983,469.0
-1.378,0.782,0.422,1.473,237.0
0.069,1.502,1.468,2.919,717.0
-0.015,0.48,0.116,3.052,483.0
-0.035,0.238,0.646,-0.681,245.0
-0.341,2.566,0.021,-0.059,516.0
0.641,-0.427,1.804,1.08,643.0
0.255,0.886,-0.172,1.16,510.0
0.638,1.465,0.011,1.741,594.0
0.474,1.574,1.616,2.389,823.0
-1.207,1.428,0.746,0.317,202.0
0.265,1.322,-0.343,1.909,458.0
-0.821,1.867,1.263,2.859,318.0
-0.919,0.733,0.545,0.371,175.0
-1.823,0.841,-1.301,-0.778,99.0
0.42,0.879,1.526,0.444,209.0
-0.197,2.412,1.246,2.273,226.0
-0.902,0.793,-1.386,-0.384,94.0
-0.693,0.395,-0.748,3.166,433.0
-1.375,-0.207,-0.081,0.563,198.0
0.518,0.682,0.086,1.324,245.0
0.438,0.941,-0.257,2.697,353.0
1.095,1.297,-0.303,0.782,308.0
-0.121,1.312,-0.159,2.155,230.0
0.759,2.436,0.832,0.832,747.0
1.419,1.042,0.1,0.841,682.0
0.625,0.57,-1.116,0.817,413.0
-0.486,2.811,0.86,0.226,483.0
-0.54,1.284,0.928,0.836,743.0
0.332,0.304,-0.902,0.245,384.0
-1.368,1.92,0.257,-0.578,100.0
-0.089,-0.17,0.319,-0.124,401.0
-0.497,2.096,0.353,1.165,347.0
-1.53,0.419,0.945,1.352,193.0
-0.798,1.986,-0.228,2.208,263.0
-0.312,1.495,-1.035,1.648,786.0
-1.447,2.17,1.125,0.02,123.0
-0.738,0.21,-0.984,-0.15,193.0
-0.146,-0.507,0.766,2.674,518.0
-1.265,1.7,-1.378,1.143,307.0
1.678,3.015,-1.649,2.547,717.0
0.953,0.812,-0.156,1.29,448.0
2.11,2.016,0.772,0.394,698.0
2.909,1.1,1.251,1.979,283.0
-0.452,1.869,0.139,-0.169,533.0
-0.877,3.842,0.017,0.853,476.0
-0.051,2.617,-0.326,0.595,550.0
1.18,-0.506,0.158,3.257,261.0
0.447,1.851,-0.725,1.178,401.0
-0.338,3.536,2.632,0.572,860.0
1.093,2.46,0.634,1.33,300.0
-1.542,1.944,0.529,1.657,144.0
0.206,1.181,-0.948,0.982,221.0
-0.395,0.623,-0.672,1.883,225.0
-1.316,1.932,-0.109,2.055,198.0
-2.0,1.598,0.199,-0.816,61.0
1.409,1.77,0.453,2.696,853.0
-0.439,-0.423,0.925,-0.314,204.0
0.921,-0.11,-0.051,1.919,461.0
-0.345,0.656,-1.669,2.909,397.0
-0.943,1.338,0.303,1.463,209.0
-0.065,-0.234,-0.625,1.739,234.0
-1.039,1.342,-0.44,-0.618,85.0
0.599,0.884,0.379,1.077,518.0
1.022,-0.312,-0.385,1.373,360.0
-1.241,-0.981,-2.076,1.009,287.0
-0.01,1.072,0.516,1.011,511.0
1.418,1.213,-0.217,1.415,260.0
-0.636,1.695,0.13,2.338,274.0
-0.465,0.573,1.022,1.85,330.0
0.086,-0.753,-0.312,1.78,353.0
-0.177,1.678,-1.006,0.217,227.0
0.188,1.097,-1.661,1.772,318.0
1.334,2.152,-1.664,2.287,402.0
0.264,-0.452,0.566,-0.257,431.0
-0.788,-0.013,-0.191,0.7,282.0
1.476,1.516,-0.671,-1.073,132.0
0.304,0.689,-0.666,0.252,218.0
0.536,1.091,-0.062,-0.372,347.0
2.85,1.626,1.529,0.482,467.0
0.331,0.801,2.593,0.56,558.0
-0.795,-0.055,0.655,2.826,215.0
0.628,0.523,1.756,-1.767,179.0
-0.46,0.742,0.097,3.112,223.0
-1.428,0.753,0.696,1.227,336.0
1.323,0.032,1.369,2.352,401.0
0.698,1.267,1.412,2.492,390.0
0.059,2.176,-0.324,0.042,610.0
1.893,0.739,0.81,0.458,354.0
1.991,0.541,1.629,0.986,371.0
-0.266,1.239,0.549,0.836,445.0
-0.568,-0.586,-1.425,0.755,505.0
0.232,1.097,-0.636,0.456,391.0
1.214,0.823,1.056,1.55,258.0
0.292,0.751,-0.011,-0.069,434.0
0.694,0.409,-0.359,2.036,355.0
1.473,1.975,0.199,1.36,589.0
0.968,2.086,-0.811,2.858,337.0
-1.936,1.725,0.902,1.88,179.0
-0.778,2.478,0.636,0.728,307.0
-0.74,1.09,0.3,0.077,174.0
-0.98,2.797,-0.042,3.009,1052.0
-1.977,1.044,1.207,0.548,154.0
0.623,0.898,-0.041,0.558,649.0
0.175,0.49,-0.041,2.112,357.0
0.386,1.113,-1.84,1.569,559.0
0.828,0.907,0.327,0.081,481.0
0.388,1.433,-1.71,1.49,241.0
1.026,0.279,0.917,1.783,530.0
-0.348,1.787,0.45,1.927,576.0
-0.878,0.68,-0.479,0.954,537.0
0.266,2.267,-0.847,2.093,333.0
-0.964,1.487,0.177,1.315,730.0
1.277,0.29,-0.11,0.285,292.0
-1.291,1.508,0.513,1.024,214.0
-0.729,-0.369,-1.632,2.233,669.0
-1.34,0.82,-0.173,1.075,198.0
-2.0,1.372,1.029,-0.592,117.0
-1.287,1.642,0.287,2.885,560.0
-1.116,0.582,-1.913,0.664,206.0
1.725,1.217,-0.171,1.591,411.0
-0.202,1.295,-1.05,0.47,544.0
-1.419,1.167,-0.814,0.443,107.0
-0.923,1.845,1.621,1.09,497.0
2.136,-0.115,1.038,1.059,905.0
-0.326,0.95,0.732,2.175,722.0
-0.021,1.875,1.209,-0.989,302.0
-1.095,0.017,-0.505,0.537,137.0
-0.168,0.502,0.299,0.375,405.0
1.431,0.828,-0.197,0.549,478.0
-0.699,1.998,-0.451,3.054,729.0
1.672,1.589,-0.126,-0.093,733.0
-1.124,0.709,-1.348,1.43,307.0
0.597,0.957,0.46,1.734,711.0
0.692,1.114,1.521,-0.466,660.0
-0.279,2.037,1.318,-0.693,126.0
-0.938,1.458,0.855,2.243,398.0
0.103,1.35,0.573,0.297,862.0
0.881,0.528,0.334,-0.549,115.0
0.724,0.769,2.403,1.102,695.0
-0.621,0.84,-0.779,1.052,219.0
-1.546,0.941,0.846,1.946,192.0
0.105,0.571,1.656,1.364,236.0
-0.506,-0.427,2.127,1.706,223.0
0.809,2.293,-1.426,1.368,726.0
0.524,0.96,0.735,-0.785,316.0
0.94,1.875,0.185,0.595,318.0
1.2,-0.856,0.743,3.021,388.0
0.015,1.004,-0.523,0.897,453.0
-1.14,0.024,-0.277,-1.562,68.0
-0.645,0.908,0.822,1.347,339.0
1.018,0.211,1.781,2.494,256.0
-0.218,1.007,0.77,1.818,568.0
-0.892,0.9,0.107,1.492,211.0
-0.714,-1.274,-0.587,-0.871,201.0
0.208,0.477,-1.165,0.108,651.0
0.323,-0.167,0.195,0.335,648.0
-0.53,1.049,-0.309,0.28,366.0
-1.123,-0.833,1.113,1.784,431.0
0.553,-0.638,0.206,-1.145,183.0
0.287,0.975,0.859,1.886,718.0
-0.147,-2.12,-1.965,2.808,235.0
-0.056,1.793,0.248,-0.667,330.0
-0.22,0.396,-0.787,1.233,440.0
0.507,0.866,0.045,0.201,690.0
-2.0,1.843,0.136,1.551,159.0
-0.202,1.573,-1.627,2.56,735.0
0.281,1.415,-2.333,2.665,495.0
-1.588,2.877,0.14,0.121,362.0
-0.659,1.942,-0.58,0.407,516.0
-0.775,1.085,-0.457,2.614,324.0
-0.374,0.551,1.856,0.779,225.0
-0.979,1.562,-1.195,2.338,405.0
-0.591,0.702,-0.904,1.478,321.0
-2.0,2.082,-0.506,0.8,159.0
-0.095,1.105,1.301,1.133,521.0
0.453,2.345,1.326,2.529,827.0
0.218,-1.246,-0.97,-0.11,271.0
2.218,-0.405,0.199,0.589,577.0
-0.074,-0.477,0.567,1.332,234.0
-0.399,2.166,0.333,0.706,619.0
-0.408,1.864,-0.517,1.147,222.0
0.176,0.756,-0.098,0.032,386.0
-2.0,-0.502,0.059,0.458,177.0
0.826,1.217,0.61,1.711,1106.0
-0.369,-0.205,-0.843,0.385,469.0
-0.552,0.033,-0.358,0.744,492.0
0.414,0.24,0.792,1.511,679.0
-0.423,-0.423,1.636,1.353,581.0
0.014,-0.763,-0.524,2.789,237.0
-0.169,1.366,-0.046,1.28,460.0
-0.644,1.437,1.536,2.044,605.0
1.03,1.373,-0.949,2.626,673.0
0.681,-0.369,1.718,1.919,764.0
0.557,0.808,0.491,-0.181,414.0
1.331,2.129,0.418,1.494,819.0
-0.871,0.966,0.352,2.403,399.0
-0.817,1.288,0.616,0.421,172.0
0.194,-0.767,1.404,-0.496,232.0
0.621,-0.408,2.15,0.337,239.0
2.718,1.774,0.042,1.799,536.0
-0.24,1.279,2.11,0.369,685.0
-0.347,3.069,0.916,0.932,636.0
0.416,1.096,-0.741,0.3,141.0
1.338,2.539,1.491,-1.093,335.0
0.678,1.947,-0.208,0.755,594.0
0.015,0.944,0.722,2.805,234.0
0.341,1.236,-1.257,1.289,398.0
0.43,0.56,0.348,1.881,839.0
0.566,2.671,1.671,0.583,694.0
-0.976,1.05,1.657,0.926,787.0
-1.384,1.252,-2.333,1.648,197.0
1.922,1.899,0.259,2.083,669.0
1.133,1.809,-1.46,-0.981,170.0
0.56,0.297,1.788,2.075,247.0
0.217,0.587,-1.675,2.22,464.0
0.397,0.333,-0.642,-0.671,181.0
-1.334,2.127,-0.621,2.16,365.0
0.138,2.102,0.821,-0.485,110.0
-1.813,1.99,0.052,0.471,139.0
-1.066,1.389,0.49,0.909,467.0
0.533,0.556,0.165,0.653,445.0
-1.178,1.629,-0.929,0.177,148.0
2.557,-0.281,-0.841,2.71,924.0
-0.987,1.174,1.397,-0.548,183.0
1.302,1.518,0.406,-1.089,386.0
0.963,1.343,1.414,1.387,715.0
0.104,1.561,-0.048,0.419,193.0
0.905,1.513,-0.482,2.51,450.0
0.586,0.5,-0.446,0.253,207.0
-0.954,1.137,1.115,1.524,408.0
1.25,2.156,0.669,1.639,966.0
-1.826,0.562,0.401,0.971,183.0
-1.433,1.431,0.337,3.36,195.0
-0.075,0.905,-1.414,0.431,635.0
-0.49,3.046,2.541,0.132,738.0
0.928,0.218,-0.717,1.204,254.0
1.642,0.589,0.027,0.942,192.0
0.298,2.447,-0.228,0.819,363.0
0.442,0.318,-1.138,1.242,674.0
-0.127,-0.106,0.137,2.172,429.0
0.873,0.623,-0.541,1.893,252.0
-0.452,0.743,-0.607,2.926,465.0
-2.0,1.878,-2.311,0.136,124.0
0.431,0.716,0.709,1.704,243.0
-0.257,0.247,0.895,-0.511,429.0
-0.442,1.974,-0.994,-0.586,96.0
0.031,-0.015,-0.047,1.792,755.0
0.201,2.887,-0.235,0.465,669.0
1.139,1.844,-0.597,0.739,212.0
-0.053,0.976,-1.636,1.368,216.0
2.134,0.954,-0.654,2.053,532.0
-0.423,1.091,-0.159,0.361,652.0
-0.027,1.191,-0.478,0.046,331.0
0.515,1.299,-1.522,0.924,455.0
0.482,-0.4,0.186,1.122,650.0
0.934,1.155,-0.363,0.851,798.0
-0.994,0.652,-0.479,-0.747,238.0
1.007,2.678,-0.172,1.681,900.0
-0.374,-1.466,-0.909,0.655,334.0
1.581,-0.739,0.082,0.324,880.0
-0.136,-0.217,0.184,1.884,931.0
0.689,-1.128,-1.374,0.412,516.0
0.388,0.764,1.299,2.004,603.0
-0.799,0.522,-0.624,0.925,173.0
2.988,0.231,-0.635,1.169,801.0
0.479,0.356,0.278,2.298,361.0
-0.045,0.946,1.116,2.124,380.0
2.07,0.107,-1.933,0.93,338.0
0.174,0.921,0.776,1.35,214.0
1.949,0.103,1.677,2.682,273.0
1.762,1.466,0.053,3.142,367.0
-0.567,1.73,-0.745,-0.843,268.0
0.219,-0.163,0.351,-0.03,622.0
1.811,-0.76,-0.641,2.345,365.0
-1.928,0.685,-0.961,0.526,153.0
-0.256,1.576,-0.228,1.042,294.0
0.128,-0.641,0.97,1.729,772.0
1.688,1.476,0.159,-0.156,619.0
-0.11,0.481,0.172,2.082,486.0
3.499,0.464,-0.354,2.745,376.0
1.544,0.063,1.766,0.559,667.0
0.813,2.307,-0.964,1.092,851.0
0.68,1.201,1.717,1.081,621.0
-0.717,3.137,2.441,1.091,588.0
-0.032,0.537,-0.623,1.498,341.0
-1.279,0.574,-0.898,1.754,268.0
-0.117,1.128,0.053,0.822,914.0
-0.408,2.02,-0.604,0.116,681.0
0.559,1.96,-1.462,2.123,243.0
1.474,0.955,-0.846,-0.137,454.0
0.066,-0.926,0.035,2.768,362.0
0.145,1.159,-1.388,2.136,513.0
-1.195,1.694,0.612,1.482,205.0
-0.417,2.397,1.055,2.249,650.0
0.282,1.518,-0.925,1.773,472.0
0.745,3.271,-0.848,0.905,599.0
-1.459,1.324,-0.036,-0.198,106.0
0.197,2.342,0.869,1.533,870.0
0.685,1.315,-0.711,-0.898,483.0
0.5,0.646,-0.077,1.583,758.0
1.654,1.545,-1.41,0.682,263.0
1.221,2.035,0.343,0.437,681.0
-0.955,-0.85,-0.783,1.097,416.0
0.097,1.378,0.606,0.339,641.0
0.051,1.2,1.814,1.157,401.0
-1.481,0.358,-0.452,1.509,273.0
-0.303,4.058,1.525,1.71,949.0
0.363,1.819,-0.313,0.732,739.0
-0.864,0.87,1.297,-0.034,260.0
-0.81,-0.579,0.112,0.624,444.0
-0.765,2.286,0.464,0.037,199.0
-0.127,1.638,0.748,-0.978,349.0
-2.0,0.611,-0.1,3.1,177.0
0.383,0.735,1.318,1.685,885.0
0.157,-0.196,-0.168,0.594,670.0
1.45,1.837,-1.42,0.876,294.0
-1.048,-0.934,-2.333,2.913,209.0
-0.002,-0.698,0.124,1.528,456.0
0.205,2.023,0.989,1.773,892.0
0.41,2.965,-0.062,1.114,934.0
-0.374,0.254,-1.222,2.607,380.0
-0.133,0.566,0.3,0.242,129.0
-0.135,0.363,-0.561,2.034,875.0
-1.362,-1.049,0.729,0.454,295.0
-1.139,0.315,0.209,2.232,356.0
0.042,1.065,-0.688,2.205,399.0
2.291,0.304,-1.38,1.774,464.0
-1.087,0.212,0.006,-0.398,163.0
-0.431,2.505,0.769,0.533,517.0
0.11,1.938,-0.96,-0.916,115.0
-2.0,-1.423,-1.375,1.298,177.0
-0.142,0.395,-1.199,0.153,363.0
1.134,0.662,1.434,1.534,223.0
-0.281,1.168,1.912,-0.268,383.0
-0.398,0.819,-0.247,0.118,427.0
1.666,0.387,1.525,-0.319,331.0
1.191,1.534,-0.695,2.004,433.0
2.056,0.334,1.101,0.381,451.0
-0.549,0.664,0.821,0.258,203.0
-0.938,0.855,-1.447,-0.004,153.0
0.906,0.335,-1.098,2.042,254.0
1.423,0.139,0.412,-1.833,130.0
0.342,2.096,-1.925,1.631,425.0
1.795,3.501,-1.031,-0.578,268.0
-0.653,2.472,0.122,0.134,437.0
-0.368,1.35,-1.611,1.807,308.0
0.535,1.349,0.989,0.258,496.0
-0.792,1.547,1.648,0.387,430.0
-0.58,1.581,0.47,1.127,487.0
0.198,1.17,-1.353,0.864,516.0
-1.691,1.827,0.626,-1.191,56.0
-0.465,2.02,-0.481,1.592,698.0
0.092,1.341,1.633,0.194,515.0
-0.382,-0.127,-0.831,1.231,333.0
0.557,0.86,1.826,1.273,376.0
-0.914,1.984,2.184,1.38,200.0
1.321,2.995,0.196,0.318,644.0
-1.079,2.041,-0.223,1.179,544.0
-1.373,1.995,-1.727,-0.081,234.0
1.137,4.461,-0.403,1.331,753.0
-0.261,1.085,0.244,-1.833,113.0
-0.223,0.336,0.395,0.113,176.0
0.247,0.505,-0.767,0.494,215.0
0.173,1.795,-0.074,-0.167,392.0
1.125,0.126,1.269,0.145,577.0
1.578,0.552,0.886,0.635,629.0
1.186,0.88,2.073,1.325,257.0
-0.09,-0.275,1.232,0.216,569.0
0.991,0.603,-0.192,-1.365,124.0
1.923,0.561,1.794,2.443,271.0
0.025,1.628,0.375,0.599,530.0
0.617,2.204,-0.953,0.339,360.0
1.347,2.368,-0.7,1.671,498.0
-0.43,2.284,0.355,3.025,615.0
-0.097,1.746,1.163,1.906,591.0
1.65,1.736,0.316,0.467,603.0
0.805,0.503,0.406,1.678,348.0
-1.506,1.7,-0.152,1.693,184.0
-0.419,0.614,-1.116,2.191,423.0
-0.96,0.403,-1.476,1.274,306.0
-0.4,0.655,-0.626,3.0,421.0
0.467,-0.24,0.752,1.907,579.0
-1.228,-1.315,1.005,2.089,203.0
-1.409,-1.251,-1.639,1.462,198.0
1.26,0.631,0.508,1.562,259.0
0.5,2.131,1.159,-0.135,420.0
-2.0,0.651,1.428,0.584,158.0
-0.155,2.815,-0.921,1.159,443.0
-1.411,1.734,-0.918,0.794,346.0
-1.216,0.055,-0.203,1.077,203.0
-1.349,0.288,0.288,0.296,138.0
-0.792,0.912,-0.652,0.817,201.0
0.551,3.283,-0.597,1.422,656.0
-0.576,-0.363,-1.024,2.549,221.0
-1.685,0.254,-0.889,0.335,179.0
0.813,0.188,-0.006,2.067,436.0
1.167,1.206,-2.333,0.711,344.0
0.353,0.811,-0.917,1.034,610.0
-0.454,1.041,-0.226,-0.233,517.0
0.37,2.682,-0.849,0.877,489.0
-1.487,0.222,-1.289,1.629,158.0
0.865,2.341,-1.185,1.685,679.0
0.634,0.878,-0.661,2.352,489.0
-0.152,-1.077,-0.12,1.267,600.0
0.078,1.329,0.802,-0.457,559.0
-0.128,1.871,-2.266,0.825,307.0
0.182,3.321,-0.732,1.042,740.0
-0.597,2.902,-0.438,1.244,649.0
-1.551,1.409,-0.782,-0.354,99.0
-0.339,2.935,0.723,2.613,713.0
0.203,2.038,-0.444,0.521,739.0
1.013,2.243,0.297,-0.753,339.0
0.147,1.186,0.799,2.073,236.0
1.112,1.332,0.71,-0.134,726.0
1.281,1.945,-0.301,0.664,308.0
0.892,1.152,1.014,2.324,383.0
0.525,1.123,1.275,3.247,895.0
-0.354,2.493,1.369,2.336,761.0
-0.891,2.098,-1.012,0.124,356.0
-0.312,2.835,1.057,2.685,658.0
1.351,-0.079,-1.938,-0.183,359.0
0.091,0.562,1.16,-0.321,570.0
-0.693,-1.065,1.357,1.582,219.0
-0.76,1.28,-1.486,1.229,376.0
1.08,0.957,0.836,-0.436,366.0
-0.625,2.113,-0.401,1.089,368.0
0.6,1.672,-0.025,0.295,426.0
-0.497,0.461,0.949,1.201,222.0
-1.176,-0.555,-0.774,0.033,286.0
-0.495,0.716,-0.069,-0.288,351.0
1.182,0.623,0.658,0.56,532.0
-1.18,1.872,-1.656,0.919,263.0
-0.073,3.139,2.009,2.287,900.0
0.401,1.138,0.048,0.257,180.0
2.042,0.699,1.899,0.636,715.0
-1.078,0.225,0.829,0.717,180.0
-0.793,1.905,0.826,2.468,666.0
-1.157,-0.108,-0.274,-0.052,229.0
-0.764,0.062,1.782,-0.658,88.0
-0.348,1.592,-1.124,2.371,877.0
1.044,2.251,2.18,0.512,763.0
-0.77,1.931,-0.021,1.039,266.0
-0.367,0.423,1.546,0.57,184.0
-0.093,1.127,1.182,0.915,347.0
0.697,0.085,-0.868,1.619,716.0
1.833,-1.235,0.198,-0.413,407.0
0.037,1.271,-0.863,1.495,434.0
1.034,0.187,-2.109,1.137,257.0
0.801,-0.255,1.635,0.528,402.0
1.187,2.359,-0.761,1.117,538.0
0.493,1.361,0.917,1.593,908.0
0.398,0.607,2.006,0.81,433.0
1.467,0.429,0.375,0.638,748.0
0.687,1.904,1.193,1.542,447.0
-0.121,0.649,0.977,0.725,438.0
-1.176,2.517,0.49,-0.092,237.0
-0.372,1.73,-0.855,0.545,433.0
1.023,0.848,0.048,0.12,317.0
0.389,-0.286,1.9,-1.833,179.0
-0.419,1.035,-0.294,1.541,223.0
-0.28,1.213,0.848,2.33,371.0
0.257,2.128,1.055,0.354,730.0
-1.191,1.845,0.758,-0.56,125.0
-1.119,0.497,-0.865,0.572,179.0
0.166,1.336,-0.312,0.236,196.0
-0.143,2.058,-0.263,1.644,228.0
-0.261,1.617,0.914,0.947,226.0
-0.567,0.785,0.678,3.272,220.0
0.084,0.827,-0.199,2.565,235.0
-0.958,1.181,-0.224,0.21,475.0
-0.412,1.365,0.295,2.893,472.0
-0.942,2.338,0.968,0.167,213.0
-0.785,0.515,0.479,1.975,550.0
-1.278,2.577,-0.151,1.374,208.0
0.884,1.081,-1.626,0.771,187.0
-0.011,0.71,-0.257,-0.524,335.0
0.693,1.946,-0.342,2.479,1001.0
-0.259,1.371,0.886,1.481,615.0
0.313,-0.67,1.528,1.864,648.0
-0.208,0.441,-0.069,2.853,696.0
-0.423,1.961,-1.379,0.39,568.0
-0.826,1.321,1.236,0.947,674.0
0.597,0.205,-0.563,-0.347,150.0
-0.418,0.765,1.364,-0.304,128.0
0.529,1.426,0.897,-0.485,586.0
0.765,0.433,-0.81,2.046,695.0
-0.189,1.963,-0.457,2.016,424.0
-1.043,1.289,-0.289,-0.716,240.0
0.535,-0.729,0.792,1.244,383.0
-1.601,0.244,0.398,0.543,154.0
0.758,1.852,1.269,1.977,815.0
-0.909,1.298,-0.199,-0.594,423.0
0.831,0.379,-0.281,-0.081,258.0
0.816,-0.611,1.011,0.039,254.0
-0.239,-0.375,-1.384,1.056,369.0
-0.977,2.688,0.744,-0.02,304.0
0.122,1.889,0.273,0.759,471.0
-0.3,-0.019,-0.575,1.234,483.0
0.904,2.389,0.993,1.221,941.0
-0.921,2.805,0.708,2.182,723.0
-0.384,2.28,-1.072,1.557,786.0
1.211,1.225,0.087,-0.293,655.0
-0.052,1.724,-0.41,1.626,231.0
-0.516,-1.024,0.47,2.347,224.0
0.225,1.199,-1.131,1.493,287.0
-0.621,3.556,-0.352,-0.022,658.0
2.144,0.479,0.926,2.103,708.0
-0.305,2.01,-0.127,1.129,315.0
1.503,2.501,1.244,0.445,793.0
-0.524,1.027,0.894,0.46,329.0
-2.0,1.377,1.199,0.099,80.0
-0.26,1.702,-1.493,1.447,510.0
-0.271,1.619,0.0,3.082,676.0
0.641,1.253,-0.108,-0.822,232.0
-0.162,1.315,0.474,1.019,530.0
-1.414,2.463,1.197,3.157,340.0
-0.416,-1.317,-0.512,1.363,407.0
-1.139,0.628,-0.684,1.866,483.0
-0.47,1.417,-0.01,0.882,570.0
-0.473,1.674,-0.145,2.131,529.0
0.734,1.445,0.559,2.162,471.0
1.127,0.515,0.409,0.884,364.0
-0.149,1.292,-0.718,1.868,229.0
0.259,-2.002,0.043,1.806,245.0
0.926,-0.526,-0.18,0.36,476.0
0.962,-0.799,0.936,0.141,588.0
1.011,-0.011,-0.631,-0.76,98.0
0.128,1.407,-0.015,1.386,308.0
0.646,-0.573,-1.001,0.512,251.0
1.539,1.029,-1.377,3.355,492.0
1.662,1.076,-1.072,-1.152,260.0
-0.69,0.694,-0.375,1.291,734.0
0.381,2.709,0.441,0.204,707.0
1.508,1.249,1.149,2.744,474.0
0.296,1.67,-1.191,-0.319,131.0
-0.06,1.71,0.536,0.989,630.0
0.029,2.808,0.025,1.139,785.0
-0.34,2.148,-0.211,0.37,800.0
0.246,1.649,1.224,0.544,529.0
-0.888,1.7,-1.206,1.004,332.0
-0.278,0.673,-2.333,1.697,227.0
-0.543,-0.846,0.29,1.901,343.0
-1.426,1.262,-0.686,0.222,169.0
-1.814,-0.077,-0.931,2.521,285.0
1.056,0.013,-1.878,0.313,204.0
0.303,0.965,0.691,1.915,231.0
-1.24,2.254,-2.252,1.714,284.0
0.654,0.301,-0.752,1.894,249.0
0.149,0.73,1.787,0.141,699.0
0.784,1.275,0.991,1.59,249.0
0.185,2.355,-0.491,1.946,704.0
0.482,0.444,-0.12,0.644,554.0
0.67,2.501,-0.115,2.553,959.0
-1.291,1.676,-0.673,1.003,161.0
-0.803,1.513,3.023,1.009,711.0
-2.0,0.137,-1.184,2.841,177.0
-0.722,0.479,2.328,1.129,235.0
1.112,2.212,1.344,3.482,982.0
-0.373,1.345,-1.438,0.136,551.0
0.628,2.27,0.841,1.066,599.0
0.385,0.421,-2.175,1.718,243.0
-0.578,2.537,1.272,1.579,417.0
2.014,-0.026,0.58,2.088,274.0
0.024,0.953,-0.808,1.06,234.0
0.115,0.691,-0.203,0.927,352.0
0.885,0.89,0.867,0.95,628.0
0.546,0.55,-0.133,1.145,358.0
1.09,-0.081,0.341,1.576,258.0
-0.444,2.834,-0.749,-0.499,349.0
0.38,-0.81,0.231,2.421,886.0
1.75,1.131,-0.146,1.066,713.0
0.877,1.586,0.106,0.072,495.0
0.375,0.172,1.391,0.591,611.0
0.294,1.425,0.031,0.771,682.0
-1.087,0.821,0.254,2.752,262.0
0.122,1.104,0.355,-0.682,97.0
0.142,0.416,1.25,0.413,593.0
0.109,1.438,1.035,2.398,378.0
1.908,2.633,-0.748,0.761,659.0
-0.858,2.076,0.006,0.55,211.0
-0.516,2.789,1.142,1.717,780.0
-0.368,0.283,0.414,0.977,915.0
-0.622,0.251,0.896,0.788,694.0
-0.912,1.754,-0.006,3.298,417.0
0.356,1.558,-0.187,1.218,584.0
0.084,2.442,-0.227,-0.417,345.0
1.414,-0.564,1.336,1.902,898.0
-0.853,0.731,-1.202,2.074,238.0
-0.83,2.004,-0.267,-0.022,490.0
1.577,1.978,0.185,1.578,360.0
1.592,3.034,1.968,1.935,925.0
1.746,0.491,0.253,0.863,376.0
1.773,0.913,-0.284,0.407,364.0
2.205,0.485,-0.681,0.224,388.0
0.75,0.758,0.249,0.784,857.0
0.409,0.945,-0.371,0.901,566.0
-0.569,1.329,-0.812,2.328,315.0
1.234,-0.124,0.024,0.93,226.0
0.085,0.906,-0.263,0.622,221.0
-1.052,2.33,-0.298,0.314,288.0
-2.0,-0.273,-0.314,0.487,177.0
0.396,2.868,-0.655,1.083,851.0
0.534,0.106,-0.498,1.256,843.0
-1.181,2.096,0.346,2.644,379.0
-1.16,3.511,-1.767,2.072,845.0
-0.103,1.495,1.283,1.887,534.0
-0.532,1.693,0.599,2.732,478.0
-1.527,0.746,1.248,-0.428,146.0
-1.334,1.881,-0.022,2.526,286.0
-1.401,1.102,-0.36,-0.24,124.0
-0.57,0.607,0.303,1.184,355.0
1.011,1.536,-0.636,1.863,347.0
0.11,0.765,1.313,1.249,402.0
-0.058,0.776,-0.484,1.697,308.0
-2.0,-0.482,-0.069,3.503,177.0
-1.252,1.743,-0.784,1.081,538.0
1.653,1.781,2.513,0.37,815.0
1.673,-0.587,0.302,0.246,374.0
0.707,1.393,-0.933,0.298,272.0
1.251,-0.703,-0.115,2.68,477.0
-0.132,1.018,0.531,2.339,699.0
2.759,1.053,2.018,1.11,478.0
-0.356,1.9,-0.549,0.344,305.0
0.581,2.944,-0.675,0.152,789.0
1.083,1.424,-0.856,0.666,201.0
0.318,1.152,1.39,0.364,455.0
-0.0,1.98,0.46,1.289,661.0
0.443,0.127,2.034,-0.188,301.0
-0.305,0.532,-1.595,-0.08,205.0
-1.29,-1.001,0.437,0.596,201.0
0.411,2.047,0.472,1.362,547.0
0.461,-0.068,-0.91,0.575,397.0
-0.759,-0.488,0.57,-0.173,470.0
-0.762,0.102,2.32,0.674,175.0
-0.177,1.476,-0.707,0.97,531.0
-0.66,1.297,-2.333,1.482,217.0
0.367,2.423,1.816,2.438,880.0
-1.119,1.099,-0.141,2.441,205.0
-0.939,-0.231,-0.228,1.397,296.0
0.051,1.076,-1.042,1.567,618.0
-0.001,0.164,0.546,-0.329,477.0
0.628,2.417,-1.026,2.948,332.0
-1.047,0.946,1.983,0.577,351.0
-0.639,1.513,1.541,1.132,380.0
-1.062,2.832,-1.668,0.48,341.0
1.015,0.759,1.685,1.369,691.0
-0.225,1.973,0.71,1.159,437.0
0.672,3.069,0.608,2.03,659.0
0.579,1.261,0.354,1.256,834.0
0.009,0.686,-0.893,1.486,526.0
-0.143,0.1,0.929,1.006,489.0
0.693,1.481,1.625,-0.996,308.0
-0.145,1.787,-1.796,0.393,372.0
0.047,-0.542,0.521,1.958,559.0
-0.67,-0.466,0.876,3.648,463.0
1.741,2.707,0.665,1.551,695.0
-2.0,2.467,-0.259,-0.993,82.0
0.172,1.561,-0.347,-0.819,162.0
0.725,0.69,1.403,0.164,795.0
1.775,1.25,-0.377,2.278,499.0
0.813,3.189,0.659,1.61,858.0
-0.084,0.133,-1.063,2.797,526.0
-0.596,0.306,0.536,-0.017,332.0
1.175,2.036,-1.587,1.488,253.0
-2.0,-0.052,0.676,0.809,177.0
-1.047,1.257,0.811,0.771,431.0
-0.847,0.452,-0.964,1.708,200.0
1.892,0.173,-0.056,0.482,307.0
-0.0,1.574,0.737,2.809,645.0
-0.246,0.469,0.1,0.498,453.0
0.744,0.969,0.09,-1.833,85.0
-0.264,0.342,0.656,0.504,318.0
0.281,2.309,0.361,2.133,682.0
-1.311,2.401,-1.232,2.408,676.0
0.712,0.433,0.716,0.586,455.0
2.673,1.851,-1.588,1.609,335.0
-1.828,0.912,-0.221,0.199,132.0
2.362,1.065,-0.26,1.574,505.0
1.068,0.308,1.622,0.013,636.0
0.584,0.568,-0.239,3.912,247.0
0.507,3.358,-1.268,-0.134,591.0
0.954,0.56,-0.075,1.514,776.0
1.725,1.702,1.502,1.134,486.0
0.88,1.282,-1.163,0.731,349.0
0.13,1.799,-1.307,-0.68,141.0
1.984,0.922,-0.069,3.02,369.0
1.125,0.409,0.406,1.093,493.0
-0.281,0.807,-0.136,2.328,349.0
0.349,1.088,-0.403,0.65,189.0
-0.805,1.402,1.041,1.825,279.0
1.209,1.115,-0.725,1.654,591.0
1.245,1.504,0.361,1.686,343.0
1.052,1.431,-1.926,1.529,253.0
1.786,0.776,-0.642,2.374,874.0
1.849,1.008,-1.48,1.797,525.0
1.093,0.535,0.675,-0.105,418.0
-0.334,1.701,0.108,2.738,542.0
-0.622,2.562,-0.439,-0.37,531.0
-0.253,1.304,-0.188,1.07,484.0
-0.582,0.411,-0.617,1.006,220.0
1.139,0.902,0.488,-1.833,89.0
-1.908,0.812,-0.382,-0.692,63.0
0.717,0.333,0.561,0.531,411.0
-0.109,-0.298,-0.151,-0.166,400.0
-0.734,1.31,0.086,2.064,481.0
-0.495,1.505,1.473,1.54,770.0
0.315,2.148,-1.676,1.602,479.0
0.113,1.264,-1.321,-1.162,92.0
-0.158,1.267,1.018,0.746,331.0
2.227,2.416,-0.152,1.059,869.0
0.484,0.517,0.219,1.267,611.0
1.138,0.736,-1.007,2.264,419.0
-0.432,-0.422,0.506,-0.587,116.0
-0.5,0.271,-1.043,-0.15,244.0
-0.284,-0.838,0.783,1.129,775.0
0.304,2.705,0.246,0.997,661.0
-0.067,2.805,-0.08,1.393,734.0
-2.0,-0.664,1.269,0.306,177.0
-0.349,-1.11,0.156,0.337,684.0
0.278,-0.377,1.167,0.017,324.0
1.93,0.834,0.182,0.312,310.0
-0.462,1.161,-0.599,1.417,334.0
1.166,0.772,-0.46,1.017,542.0
-0.265,0.532,1.363,2.554,749.0
-0.101,0.128,1.478,2.14,391.0
-0.499,0.752,0.904,0.595,549.0
0.345,2.053,1.225,1.892,579.0
0.311,2.03,-0.444,0.046,157.0
-1.976,0.621,-0.396,-0.18,106.0
-1.312,1.881,0.644,0.411,158.0
-0.223,1.826,-0.779,2.882,436.0
-0.293,2.813,0.178,1.777,883.0
0.696,1.948,1.492,-1.037,84.0
-0.565,4.176,-1.248,0.72,772.0
-0.35,1.994,-1.044,-0.578,208.0
-0.011,1.607,-0.122,1.431,547.0
-0.068,2.539,-0.146,2.126,793.0
2.522,-0.993,-0.237,0.48,669.0
1.036,0.783,0.85,0.549,582.0
-0.292,-0.673,1.759,-0.282,126.0
-0.487,1.574,0.072,1.516,335.0
-0.591,-0.114,0.01,0.496,333.0
0.272,0.502,1.339,1.112,389.0
-0.367,1.11,-0.387,1.25,225.0
1.0,1.851,1.488,0.567,457.0
0.176,1.722,0.769,2.494,235.0
-1.32,-0.572,-1.151,1.643,310.0
1.027,0.691,3.286,0.326,527.0
-0.08,0.851,-0.154,1.598,350.0
-0.147,2.723,1.29,0.039,142.0
0.24,0.102,-2.333,0.879,490.0
-0.469,1.388,-1.391,-0.504,287.0
-0.26,0.665,-0.254,1.09,347.0
-0.23,1.861,-0.327,2.158,557.0
0.301,2.767,1.157,1.62,356.0
0.815,1.468,0.84,1.805,642.0
-0.276,0.487,-0.072,2.292,228.0
-1.471,0.192,1.051,0.431,195.0
-0.638,1.001,1.126,1.622,309.0
-1.306,0.92,0.527,0.133,93.0
0.116,1.035,-0.338,1.023,431.0
1.901,0.108,1.754,0.801,534.0
1.093,2.091,-0.561,2.489,347.0
-0.764,2.326,0.428,0.878,414.0
0.824,2.065,1.043,1.793,776.0
-1.159,1.369,0.95,0.665,514.0
-0.487,0.488,1.208,-0.417,191.0
1.798,2.901,0.385,0.108,671.0
-1.21,2.587,0.372,-0.509,62.0
-0.543,1.477,1.046,0.166,283.0
-0.564,1.336,-0.21,2.06,342.0
0.315,1.37,-0.282,0.67,223.0
-0.455,0.203,-0.676,0.993,224.0
-0.235,1.38,1.829,2.621,479.0
2.605,-0.165,-0.993,1.585,822.0
0.189,0.947,-1.32,2.106,506.0
0.952,-0.243,-0.007,1.249,368.0
-1.601,-0.919,0.547,1.064,191.0
0.301,-0.296,0.263,0.186,243.0
-0.358,1.335,-0.106,0.688,325.0
-1.249,0.296,0.136,0.986,345.0
-0.815,0.779,-1.521,2.173,263.0
-1.241,2.198,-0.432,0.85,303.0
-1.484,0.951,-1.667,0.114,147.0
-0.178,0.985,-1.177,0.235,637.0
3.029,2.526,-0.289,1.772,872.0
-0.969,2.004,-0.237,0.355,388.0
0.162,0.489,1.398,1.426,360.0
-0.206,-0.056,1.525,2.84,664.0
-1.13,0.936,-1.097,-0.597,87.0
-1.436,0.871,0.051,1.205,195.0
-1.354,1.201,0.073,0.731,240.0
0.275,1.655,0.079,-0.465,194.0
0.539,1.5,1.691,1.067,579.0
-0.436,1.278,-0.623,0.107,354.0
-1.154,2.311,1.356,1.201,691.0
-0.603,-0.373,0.184,0.208,516.0
-0.615,1.617,0.553,3.025,218.0
0.861,-0.013,1.211,-0.494,370.0
-1.226,0.119,0.859,1.648,202.0
0.082,0.356,-0.453,0.882,658.0
-0.333,1.554,-0.51,0.729,225.0
-0.525,2.066,-0.216,0.397,400.0
0.776,2.381,-0.72,-0.374,585.0
0.107,0.488,-1.13,1.562,548.0
-0.905,0.693,0.608,1.771,519.0
0.073,2.746,-0.014,1.713,937.0
-0.373,0.671,0.169,1.993,756.0
1.457,-0.163,1.066,-0.371,276.0
-0.042,1.171,-0.556,1.243,232.0
-1.205,1.333,-1.003,1.168,275.0
-0.921,0.019,1.077,0.876,520.0
0.062,0.905,-0.211,-0.795,525.0
0.444,1.712,-0.653,2.224,800.0
-0.804,-0.509,0.418,0.8,508.0
0.48,1.278,0.981,0.766,535.0
0.903,0.406,1.399,-0.113,303.0
-1.456,0.794,-0.738,1.579,195.0
0.323,1.299,0.022,0.282,513.0
-0.837,3.127,0.199,1.048,667.0
-0.135,0.319,-0.756,1.311,337.0
2.035,1.595,-0.71,1.21,817.0
1.897,1.562,1.274,1.535,575.0
-1.646,1.041,0.527,0.929,244.0
0.807,1.369,-0.381,1.162,330.0
-0.604,1.68,0.605,-0.246,379.0
0.958,1.114,0.967,2.149,362.0
-0.88,3.126,0.512,0.364,197.0
0.475,1.046,-1.597,1.486,243.0
-0.655,2.597,-0.702,1.09,160.0
-0.056,2.677,0.269,2.957,827.0
-0.547,0.035,-1.598,0.774,327.0
0.307,0.326,0.217,0.463,369.0
3.227,0.7,-0.352,-0.147,291.0
-1.245,0.099,-0.16,0.445,211.0
0.434,0.061,-0.004,1.196,245.0
1.755,1.499,2.093,1.5,413.0
-0.767,0.67,0.213,0.258,392.0
-0.735,0.331,-1.436,-0.874,127.0
-0.236,2.072,-0.504,1.818,410.0
0.018,2.913,0.07,0.911,615.0
-0.149,1.749,0.547,2.046,340.0
0.609,3.982,0.109,0.444,856.0
1.474,1.961,0.926,1.83,670.0
0.863,0.328,-0.344,0.147,314.0
-0.161,1.336,0.627,0.464,408.0
-1.0,-0.201,1.225,0.843,360.0
0.586,1.481,-1.39,2.255,800.0
0.116,1.615,-1.337,-1.66,134.0
0.18,1.326,0.646,1.391,680.0
1.443,0.17,0.967,-1.399,93.0
-0.856,0.971,-1.018,1.821,212.0
1.492,2.795,0.145,1.615,944.0
-0.581,0.332,-0.802,2.373,431.0
0.18,0.209,0.133,0.982,657.0
0.627,0.753,-0.466,-0.056,235.0
-1.629,0.57,-1.128,1.413,189.0
2.221,0.972,1.467,1.183,499.0
-1.677,1.69,0.884,2.149,187.0
1.317,1.836,-0.252,0.93,860.0
0.448,1.876,-0.801,-0.516,199.0
0.136,0.817,1.738,1.518,835.0
1.321,0.309,0.374,-0.064,185.0
-1.001,1.268,-0.025,0.412,137.0
0.145,1.066,0.269,2.185,826.0
-0.528,0.95,1.767,0.203,270.0
-0.147,2.766,1.174,1.295,574.0
-0.33,1.388,1.571,3.469,769.0
0.264,1.311,0.258,1.88,526.0
0.12,2.006,-0.304,1.171,883.0
0.939,0.73,1.177,0.055,281.0
1.167,2.883,-0.687,0.314,959.0
-0.546,2.116,0.703,1.375,479.0
-0.962,-0.033,-0.919,-0.011,202.0
-0.318,-0.359,0.453,0.088,204.0
0.509,0.538,1.411,-0.218,430.0
-0.777,1.245,-0.224,1.081,178.0
0.23,1.254,-1.977,2.222,311.0
-0.225,0.698,-1.625,-0.354,268.0
0.786,0.978,-0.039,0.566,689.0
-1.841,-0.451,-1.003,3.551,234.0
-0.401,0.399,0.264,2.317,492.0
1.202,1.249,1.713,1.022,527.0
0.643,0.938,0.742,-1.422,129.0
1.165,-0.277,-1.026,0.317,215.0
1.068,0.835,0.268,-0.261,616.0
2.053,2.015,-0.425,0.264,823.0
-0.104,2.044,0.564,0.364,791.0
-0.808,2.322,0.854,1.076,495.0
0.478,1.324,-1.41,2.351,326.0
0.129,2.443,0.01,0.511,463.0
-1.452,0.041,-0.656,0.231,195.0
0.104,0.411,-0.14,1.401,571.0
0.052,0.68,-0.525,2.322,650.0
-0.559,1.062,0.517,1.137,667.0
-0.106,1.354,-2.333,1.086,178.0
0.229,0.806,0.122,2.032,864.0
0.939,1.245,0.336,1.229,369.0
-1.308,0.521,-0.536,0.901,200.0
0.401,2.809,0.079,1.102,686.0
0.019,2.833,1.79,3.075,766.0
-0.612,1.117,0.044,1.352,443.0
-1.198,-0.565,-0.129,0.708,190.0
0.605,0.738,-0.746,1.978,605.0
0.063,1.503,-0.665,0.877,381.0
-0.74,0.884,0.527,1.833,215.0
1.519,0.368,0.359,2.239,979.0
-0.682,0.903,0.634,0.549,345.0
0.252,1.232,0.138,2.769,238.0
1.18,2.552,-0.787,1.198,549.0
-0.179,-0.028,0.976,0.558,423.0
-1.489,1.603,-0.066,1.415,243.0
-0.6,1.452,-0.507,0.009,369.0
-0.247,3.002,-0.46,1.575,881.0
-2.0,0.31,1.327,0.734,167.0
-2.0,2.067,0.041,-0.295,141.0
1.285,2.593,1.052,0.529,500.0
0.002,-0.403,-1.808,1.138,236.0
0.311,0.917,0.468,1.219,240.0
0.198,1.475,0.294,-0.35,240.0
-0.514,2.469,0.759,-0.196,465.0
0.527,0.622,-1.24,1.638,610.0
-0.221,0.845,-0.609,-0.609,290.0
1.395,1.96,0.057,2.747,928.0
0.33,1.389,0.568,1.316,695.0
1.921,0.609,-1.579,1.202,341.0
-0.687,0.398,-1.032,1.628,522.0
-1.928,-0.282,-0.184,0.363,179.0
-0.396,-0.169,-0.376,-0.566,152.0
-0.07,2.566,1.324,1.45,468.0
-1.185,-0.388,-0.222,0.606,701.0
-2.0,-0.069,-1.943,-0.402,144.0
-0.035,1.688,-0.544,1.135,558.0
0.524,3.416,-1.078,2.332,1258.0
0.273,0.289,0.843,0.19,273.0
-0.316,1.88,-0.723,-0.023,343.0
-0.073,3.231,-1.156,0.826,647.0
-0.034,-0.055,1.697,1.815,859.0
-0.426,1.637,-0.373,2.158,456.0
0.1,1.551,-0.216,1.062,558.0
1.774,-0.473,-0.484,1.321,364.0
1.365,0.962,-0.097,0.777,260.0
2.294,1.121,-0.562,2.469,634.0
-1.106,0.735,-0.707,1.533,372.0
-1.799,0.033,-0.083,1.804,184.0
1.573,1.855,0.358,-0.017,835.0
1.397,2.722,-1.111,-0.335,641.0
1.368,0.527,0.182,1.672,775.0
-0.177,0.844,0.893,0.357,136.0
-0.26,1.522,1.66,-0.33,354.0
0.565,0.856,-1.042,1.53,842.0
-1.441,0.658,-0.18,3.404,241.0
-1.41,2.591,0.706,-0.657,90.0
-0.001,-0.114,0.357,1.153,216.0
-2.0,2.607,0.879,0.541,162.0
-0.203,-0.291,0.486,0.991,768.0
-0.245,0.179,0.445,1.382,325.0
-0.188,3.033,0.826,1.249,857.0
-0.45,0.126,-0.726,0.85,327.0
0.176,1.6,-1.529,1.415,748.0
1.008,0.4,-1.324,-0.71,257.0
0.24,1.756,2.094,-1.154,403.0
-2.0,1.212,0.526,1.143,177.0
-0.111,2.799,-0.846,1.114,557.0
0.631,-0.165,0.299,0.113,279.0
-0.877,0.64,0.684,0.24,320.0
0.704,-0.912,-0.842,1.004,346.0
-0.223,1.174,0.654,2.808,636.0
-1.568,0.889,-0.627,1.041,158.0
0.459,2.154,0.296,0.003,856.0
-1.944,0.718,-1.429,-0.687,89.0
0.932,-1.443,0.809,0.49,652.0
0.717,2.422,0.494,1.623,485.0
0.874,0.45,-0.912,0.151,271.0
0.807,2.508,-0.707,-0.424,442.0
2.087,2.912,1.377,2.806,950.0
0.282,1.571,0.592,0.523,536.0
-1.342,2.082,0.296,1.869,277.0
-1.84,1.048,-0.796,0.353,139.0
1.806,0.071,-0.631,1.629,271.0
-0.041,1.456,1.17,1.353,355.0
1.203,0.624,1.743,-0.836,112.0
-0.607,1.051,0.772,-0.088,118.0
0.021,2.381,-0.302,0.687,714.0
-1.646,-0.639,-0.607,2.158,278.0
-0.072,1.122,1.327,-0.41,389.0
-0.142,1.256,2.163,-0.668,160.0
0.38,-0.32,0.036,0.966,245.0
1.298,1.816,-1.255,2.118,992.0
0.191,0.813,-0.496,0.255,702.0
-0.438,2.249,0.778,0.901,579.0
-0.357,1.61,-0.065,1.848,390.0
-2.0,0.51,0.534,1.173,177.0
0.083,2.108,0.899,0.191,598.0
-0.89,0.461,0.897,0.079,532.0
-0.205,2.701,-0.256,0.087,126.0
1.288,1.519,-0.64,2.629,653.0
0.889,0.136,-0.43,0.095,394.0
0.225,1.449,-0.269,2.144,460.0
0.721,1.345,-1.733,-0.715,272.0
1.124,1.97,-0.027,1.885,935.0
-0.375,0.735,1.033,0.145,244.0
-1.521,0.156,-0.827,0.711,226.0
-1.108,1.027,0.862,-0.191,79.0
-1.045,1.305,-0.509,0.531,307.0
1.065,0.877,0.689,1.408,977.0
2.132,1.405,-0.144,3.701,366.0
0.955,0.833,0.427,2.014,486.0
0.277,0.927,-0.536,1.258,239.0
-0.507,1.087,-1.134,1.631,479.0
-0.481,1.992,1.122,1.577,603.0
-0.435,1.762,-1.348,-1.833,98.0
0.141,1.272,-0.384,-0.486,133.0
0.209,0.591,0.256,-1.054,308.0
1.671,2.127,-1.047,0.804,303.0
1.409,0.721,-0.435,1.344,617.0
-0.118,1.711,0.968,0.568,619.0
0.937,1.135,-1.374,-0.488,466.0
-0.4,1.809,-0.116,1.209,684.0
0.309,0.515,1.552,1.556,394.0
-0.701,1.949,0.614,0.423,511.0
0.368,0.643,1.793,2.709,557.0
-0.653,-0.532,-1.219,2.609,275.0
0.426,2.336,0.393,-0.847,381.0
0.813,1.291,0.882,2.391,609.0
-0.337,1.689,-0.51,1.0,303.0
-1.202,1.065,2.33,0.905,202.0
-1.166,0.807,-0.603,1.271,218.0
-0.578,-0.014,-1.03,1.859,325.0
1.127,0.635,2.109,1.688,532.0
0.954,0.047,-0.623,0.289,806.0
1.616,0.893,1.436,0.765,485.0
-2.0,-0.948,1.081,2.313,177.0
-0.748,0.409,0.001,1.477,216.0
0.136,-0.581,1.332,1.35,240.0
2.073,1.184,0.045,1.562,870.0
1.908,1.262,-0.4,1.208,310.0
0.614,-1.012,0.576,0.463,229.0
0.248,0.963,-1.377,1.032,766.0
-0.471,0.7,-1.245,0.595,471.0
-0.195,0.802,0.284,0.137,297.0
-2.0,1.289,-0.926,2.619,177.0
-1.354,2.753,0.464,1.857,551.0
-1.715,2.318,-0.102,0.418,186.0
0.099,1.945,-0.734,2.707,335.0
-0.856,2.187,0.362,1.719,211.0
-0.99,1.609,1.356,3.062,573.0
-1.341,1.033,0.255,-0.73,218.0
0.188,0.925,-1.051,-0.417,257.0
-0.415,-0.339,0.71,1.161,424.0
-0.576,1.904,-0.044,1.549,458.0
-0.169,2.026,-0.058,0.665,514.0
0.153,0.643,-0.732,2.868,237.0
1.365,1.757,1.057,1.504,760.0
-0.433,1.466,0.091,0.599,618.0
-0.772,1.24,1.293,0.648,358.0
-0.127,1.959,0.165,0.385,519.0
-0.123,3.392,0.774,3.701,1398.0
-2.0,0.311,0.29,1.643,177.0
0.07,1.171,-1.009,1.754,494.0
0.766,2.235,-1.619,1.573,984.0
0.419,0.303,-0.18,0.815,454.0
-0.832,-0.66,0.027,0.597,215.0
0.293,0.637,-0.195,0.159,197.0
-1.273,-0.342,-0.324,1.224,442.0
-0.267,2.25,-1.231,1.772,592.0
0.693,0.577,-0.97,-0.13,517.0
-1.264,0.283,0.614,0.576,210.0
2.137,1.337,0.526,0.88,840.0
0.281,1.48,-0.611,1.803,599.0
2.473,-0.442,0.45,1.501,1073.0
-1.246,1.562,-2.269,-0.6,273.0
0.9,2.016,0.285,3.53,1196.0
0.294,1.173,0.857,1.913,682.0
0.891,1.056,-0.983,1.739,341.0
0.636,0.791,0.551,3.004,499.0
-1.992,0.408,1.303,0.867,147.0
0.53,0.111,0.05,2.363,478.0
0.022,2.15,-1.483,1.593,487.0
-0.306,1.72,-0.17,0.429,401.0
1.103,1.499,-0.758,-0.561,394.0
0.163,-0.193,-2.102,2.129,239.0
-0.185,0.978,1.657,1.459,538.0
-0.246,1.152,1.902,-0.161,595.0
0.151,0.986,-0.196,1.235,472.0
-0.085,-0.226,0.444,1.54,597.0
-0.867,1.447,0.599,0.535,200.0
0.747,-0.064,0.019,0.662,284.0
-0.719,0.918,1.652,1.318,288.0
0.1,2.353,-1.378,1.43,759.0
-0.306,0.845,0.028,-0.677,288.0
0.759,-0.508,0.694,-0.026,219.0
-0.432,-0.094,0.871,-1.08,128.0
-0.276,-1.101,0.838,2.273,230.0
-0.52,3.081,-0.585,1.09,465.0
0.303,1.338,-1.176,0.368,343.0
-0.921,2.977,-0.299,1.412,498.0
-0.087,-0.335,-0.118,3.073,234.0
-1.023,2.102,0.431,0.962,235.0
0.074,1.252,-1.183,1.695,533.0
-1.252,1.704,1.052,0.063,265.0
-0.269,1.035,0.148,1.543,192.0
-0.323,1.139,1.221,0.695,490.0
0.359,0.959,-1.738,0.487,199.0
-0.723,2.359,-0.79,1.401,380.0
0.394,-0.824,2.732,0.387,678.0
0.24,-0.32,0.789,1.032,594.0
-1.005,0.474,0.452,1.88,352.0
-0.781,1.202,-1.023,0.648,216.0
0.528,2.108,1.391,1.247,410.0
1.172,0.623,0.748,1.125,335.0
-1.194,-0.584,0.934,0.12,204.0
-0.455,2.326,-1.128,0.446,368.0
-0.778,1.636,-0.405,0.94,165.0
-0.548,-0.098,-1.116,1.521,222.0
-2.0,1.406,-0.943,1.922,144.0
-2.0,0.179,-0.286,-0.073,147.0
-0.228,3.249,-1.003,1.132,701.0
-1.382,0.65,0.266,0.587,265.0
0.805,0.991,-1.33,0.088,279.0
0.126,1.616,-0.448,0.33,417.0
-0.001,1.38,-0.025,0.71,490.0
0.256,2.151,-0.631,-0.273,493.0
-0.052,0.939,0.218,-1.084,76.0
-0.174,-0.455,-0.329,0.918,349.0
0.165,0.992,0.197,1.656,507.0
-0.2,0.636,1.146,1.015,343.0
2.957,1.318,2.181,-0.101,490.0
-0.796,0.231,-0.717,-0.4,492.0
0.898,3.074,1.436,0.912,739.0
-1.296,-0.72,0.823,1.015,245.0
0.748,2.59,-0.208,0.753,706.0
-0.861,0.959,-1.52,1.984,400.0
-0.515,1.684,-1.274,2.135,566.0
-0.805,1.097,-1.624,-0.016,115.0
2.431,0.972,1.219,1.878,886.0
-0.661,1.149,0.066,1.395,464.0
0.606,2.866,2.686,1.349,241.0
0.313,0.987,-1.622,0.852,215.0
-2.0,-0.381,-1.224,2.197,177.0
2.075,1.83,-0.532,1.652,249.0
0.43,1.857,1.116,2.141,349.0
-0.903,0.646,0.547,1.235,331.0
0.915,1.384,0.641,0.166,210.0
1.106,1.827,0.517,-0.86,334.0
0.704,1.911,-1.29,1.179,436.0
0.398,2.449,0.671,0.12,314.0
-0.244,0.448,-0.371,1.353,460.0
-0.726,1.919,-0.526,0.032,149.0
0.823,0.854,0.69,0.787,428.0
-1.385,3.029,1.149,-0.652,75.0
-0.79,0.523,0.802,1.148,540.0
0.301,0.458,0.974,0.628,330.0
-0.363,-0.881,-1.039,-0.031,373.0
-0.8,-0.228,-0.427,1.622,320.0
-1.495,0.403,-0.139,0.415,178.0
-2.0,-2.12,2.251,-0.224,88.0
-0.749,0.096,0.339,3.5,216.0
0.489,1.987,1.448,0.923,583.0
-0.217,1.42,-0.928,0.431,296.0
-0.683,0.575,1.18,-0.141,351.0
-0.291,1.584,-0.764,1.397,404.0
0.824,1.968,-0.471,2.025,247.0
-0.761,1.365,1.568,1.107,492.0
0.063,-1.398,0.834,0.455,551.0
-0.302,0.465,0.431,2.377,499.0
0.85,0.057,0.032,0.715,593.0
-1.326,2.272,0.214,0.293,104.0
0.114,1.992,0.811,3.768,985.0
0.469,0.909,-1.932,1.852,316.0
-1.194,-1.447,0.388,0.721,278.0
-0.298,2.722,-1.598,1.755,324.0
0.348,1.78,-0.839,0.799,492.0
2.095,0.557,-0.702,-0.93,110.0
-0.22,2.432,-0.911,0.252,406.0
0.432,1.255,0.36,1.546,533.0
0.85,1.0,-1.643,0.144,175.0
0.077,0.491,0.306,0.688,580.0
-0.041,0.327,0.606,1.022,532.0
-0.384,1.661,0.044,1.41,747.0
1.291,-0.667,-1.262,1.77,578.0
-1.158,-0.136,-1.029,1.97,295.0
1.667,2.421,1.429,1.129,836.0
-0.489,1.938,-0.767,-0.873,406.0
1.595,1.68,0.761,2.009,953.0
1.237,2.037,-1.305,-0.256,243.0
-1.009,1.194,-0.93,2.158,446.0
-0.475,-0.38,1.241,1.255,199.0
0.072,1.234,-0.797,1.781,571.0
-2.0,1.685,-2.333,2.016,176.0
0.371,2.278,0.507,0.814,603.0
-0.313,-0.389,-0.36,1.297,214.0
-1.054,-0.422,1.451,0.74,208.0
0.082,3.804,0.286,1.526,782.0
-1.695,0.568,1.161,1.984,187.0
1.148,-0.673,0.841,1.558,389.0
-1.321,1.036,-0.442,0.418,404.0
1.84,0.68,0.085,0.849,269.0
-2.0,1.28,-0.3,2.113,177.0
-0.796,0.216,-0.003,0.412,448.0
1.291,1.243,-0.589,-0.752,212.0
-1.18,0.648,-0.45,1.704,203.0
-1.556,1.369,0.521,0.041,165.0
0.872,0.645,-1.067,2.752,640.0
0.093,1.325,-1.572,2.906,567.0
0.649,0.119,-0.852,1.641,440.0
-1.037,0.557,1.276,0.688,347.0
-0.672,2.058,0.595,3.18,385.0
-0.206,-0.168,0.879,1.548,598.0
-1.739,2.451,-1.935,1.22,226.0
-0.799,1.337,2.294,0.297,292.0
-1.404,-1.642,1.687,-1.73,59.0
0.192,1.314,0.18,2.289,482.0
-0.417,1.723,0.933,0.244,122.0
0.369,1.323,-0.175,2.019,518.0
-0.517,-0.252,0.933,-0.942,139.0
-0.351,1.909,0.297,0.981,610.0
0.06,2.428,0.278,0.589,634.0
-1.951,1.25,1.013,0.624,113.0
0.071,1.283,0.282,1.32,392.0
0.934,-0.069,-1.424,0.821,336.0
1.372,1.966,0.164,1.883,662.0
-0.78,1.671,-1.503,2.139,417.0
-2.0,2.503,-0.77,1.79,156.0
2.367,2.5,0.755,1.906,824.0
0.163,1.473,0.534,0.485,256.0
-1.411,2.376,-0.86,2.269,244.0
0.818,1.726,-0.028,1.239,504.0
-0.489,-0.001,-0.425,2.723,341.0
0.971,1.646,0.003,0.896,230.0
-0.116,1.182,-1.291,1.526,447.0
0.886,1.58,1.13,1.963,250.0
0.879,1.578,-0.437,1.544,433.0
0.348,1.368,0.067,-0.765,149.0
-0.346,0.644,-0.333,0.409,579.0
-0.183,0.466,-0.485,0.613,230.0
-1.541,0.674,0.038,1.314,181.0
1.199,-0.077,0.926,1.949,633.0
0.273,1.536,-0.609,1.718,443.0
1.13,3.108,-0.425,1.428,652.0
0.176,0.902,-0.468,0.87,187.0
1.74,0.269,0.094,0.68,546.0
0.319,1.505,-0.334,1.465,455.0
-1.167,1.981,-0.189,2.046,306.0
-0.083,0.31,-0.137,2.379,690.0
-0.296,2.052,-0.093,1.767,448.0
-1.098,1.798,1.912,1.646,445.0
-0.18,1.067,-1.642,0.308,545.0
-1.378,0.302,0.021,0.99,170.0
0.473,-0.243,0.488,3.102,374.0
-0.454,1.455,-0.04,1.104,577.0
0.569,2.855,-0.381,1.199,597.0
-0.746,2.72,-0.374,2.146,593.0
-0.695,1.152,1.061,0.327,138.0
1.014,1.316,-0.743,2.131,431.0
0.353,1.259,-0.681,-0.007,213.0
-0.618,-0.724,-1.67,1.117,347.0
-0.423,1.413,-1.678,2.172,508.0
-0.711,0.05,0.514,1.174,217.0
2.054,0.231,-0.081,0.803,449.0
1.313,0.325,-0.111,2.572,366.0
-0.0,0.509,-0.845,-1.318,77.0
-1.515,1.732,-0.024,-0.074,84.0
0.531,2.112,-2.254,-0.924,145.0
0.954,-0.225,0.516,1.742,256.0
-1.313,1.492,0.131,1.715,199.0
0.54,0.51,-1.591,1.974,317.0
-0.226,0.887,-0.555,0.925,175.0
-1.47,1.392,0.39,0.75,177.0
1.958,1.93,0.52,1.498,549.0
1.056,2.228,-1.799,2.307,531.0
0.874,2.32,-1.096,0.837,526.0
-0.357,0.153,-0.302,1.199,620.0
0.73,1.679,0.584,1.313,358.0
0.699,1.362,0.091,1.115,474.0
-0.122,0.469,-1.271,1.45,222.0
-0.518,1.088,0.853,2.29,221.0
0.341,0.273,0.45,-0.452,495.0
-1.832,1.807,-0.928,1.893,130.0
0.614,2.196,0.417,1.809,448.0
-0.827,1.141,-0.072,0.933,238.0
0.535,1.682,-0.106,1.114,406.0
0.863,0.737,0.45,0.514,559.0
-1.55,1.098,-1.39,0.496,230.0
-0.023,1.652,0.048,0.749,208.0
-0.156,1.429,0.667,1.396,406.0
1.564,0.64,0.613,0.279,583.0
-2.0,-1.776,-0.581,0.431,177.0
-0.601,0.76,0.323,-1.195,76.0
1.216,0.979,0.115,1.706,522.0
-1.278,-0.909,0.955,0.081,202.0
-0.956,0.922,-0.797,1.131,321.0
-1.119,1.867,-0.541,2.102,447.0
-1.613,2.294,-2.077,1.446,189.0
0.66,0.103,1.438,-0.441,413.0
0.911,-0.447,-0.735,0.041,485.0
-1.492,1.262,-0.322,1.74,193.0
1.389,1.948,-2.333,2.302,590.0
0.899,0.284,0.009,-0.012,398.0
0.24,0.974,0.925,0.79,487.0
0.814,0.615,0.189,-0.107,572.0
-0.677,1.295,1.385,-0.098,141.0
0.166,2.324,-0.532,1.797,624.0
-0.313,1.049,-0.123,1.131,407.0
0.504,0.912,0.676,0.273,427.0
-0.753,0.062,-0.542,2.761,397.0
0.554,2.508,-0.057,1.479,756.0
0.048,0.512,-1.044,-0.204,461.0
-2.0,1.922,0.508,-0.025,86.0
0.424,1.651,0.172,0.8,625.0
-1.62,1.015,1.288,1.75,190.0
-1.461,-0.143,1.444,0.508,154.0
-1.367,-0.287,-0.34,-1.322,87.0
-0.323,1.453,-0.192,0.687,485.0
2.129,-0.317,-1.654,0.862,381.0
0.125,1.966,-0.909,-0.136,277.0
2.747,0.794,0.146,2.234,282.0
0.209,1.748,1.374,0.478,891.0
-1.613,1.773,-1.211,1.916,189.0
0.712,0.84,-0.411,2.151,249.0
-0.389,2.307,0.73,2.073,494.0
-1.657,1.725,0.314,1.432,188.0
0.133,1.339,-0.271,-0.179,562.0
-0.004,-0.717,0.49,0.982,547.0
1.376,0.215,1.03,1.532,242.0
-0.002,3.148,-0.743,1.849,745.0
-0.129,1.685,1.06,1.694,548.0
-2.0,0.031,-0.121,1.468,177.0
-0.567,1.75,1.361,0.385,657.0
0.535,0.025,-0.363,-0.542,229.0
-1.471,2.225,-1.299,1.026,194.0
-0.953,1.696,-0.037,2.313,209.0
0.315,0.139,0.773,0.333,492.0
-2.0,0.881,0.849,1.587,177.0
0.863,1.479,0.604,-0.896,95.0
-0.305,0.927,1.096,1.361,717.0
-0.835,-0.203,-1.379,-0.804,109.0
-1.114,1.874,-0.662,0.903,333.0
-1.032,1.196,1.31,-0.614,171.0
-0.676,2.714,-0.739,0.749,480.0
-0.343,0.986,-0.385,1.787,523.0
-0.454,0.218,0.892,-0.049,345.0
-0.394,1.272,-1.562,2.402,384.0
-0.857,-0.994,-0.02,-1.044,84.0
0.326,0.619,-1.27,-0.948,415.0
-1.449,0.598,-0.687,0.813,263.0
0.587,0.466,0.666,2.332,247.0
-0.968,0.878,-2.333,1.075,438.0
0.84,1.195,0.528,1.775,372.0
-0.683,0.375,0.852,1.004,210.0
1.321,1.207,0.282,1.774,530.0
-1.543,1.936,0.48,0.4,238.0
0.636,1.625,0.994,0.656,375.0
0.098,0.874,-0.241,1.705,734.0
-0.894,1.983,-0.005,-0.334,107.0
-0.568,0.502,0.865,1.531,400.0
-1.32,2.458,-1.423,-0.053,95.0
0.692,-0.735,-1.189,2.307,252.0
-0.355,2.138,-0.387,0.54,558.0
0.549,0.574,1.021,-0.431,439.0
0.831,2.081,1.261,2.076,549.0
1.986,1.247,-0.102,1.356,422.0
0.227,2.424,0.951,0.268,675.0
2.265,1.027,-0.513,1.186,736.0
0.01,1.425,0.003,1.53,516.0
-0.154,1.648,0.077,2.486,488.0
-0.122,-0.216,-0.273,0.948,530.0
-1.054,1.709,0.558,0.511,320.0
-0.052,0.062,-0.452,1.149,719.0
0.696,0.201,-0.519,0.674,154.0
0.407,1.372,-2.026,0.153,356.0
-0.443,-0.119,0.201,0.872,486.0
-0.344,1.356,1.367,-0.56,418.0
-0.34,0.972,-1.487,1.82,304.0
0.286,1.057,0.356,-0.144,332.0
-0.596,0.566,-1.079,2.396,715.0
-0.86,1.028,-0.626,2.251,697.0
-0.971,0.215,0.254,1.309,565.0
2.053,0.425,0.391,0.244,818.0
-0.288,1.199,-0.216,-0.654,291.0
-0.566,0.085,1.754,1.582,708.0
0.023,1.039,-0.294,0.418,377.0
-0.514,0.506,-1.151,0.439,215.0
-0.631,0.344,-0.97,1.818,611.0
1.483,2.964,0.13,0.336,843.0
-2.0,3.509,-1.969,-0.358,104.0
-1.387,1.52,-0.262,1.925,359.0
-0.634,0.768,0.073,2.934,218.0
0.721,1.234,2.977,2.289,248.0
-0.234,-0.518,-0.39,2.044,231.0
0.46,1.876,-0.898,1.573,805.0
1.391,2.471,-1.392,1.303,476.0
0.938,2.462,0.518,0.696,838.0
0.594,0.18,-0.581,1.041,350.0
1.164,0.542,0.333,1.775,564.0
0.634,0.88,0.991,1.927,503.0
0.038,0.428,0.38,2.33,235.0
0.75,0.579,-0.977,0.723,383.0
1.075,0.931,0.373,1.517,372.0
-0.309,0.897,0.816,-1.6,73.0
-1.098,0.065,0.028,1.241,206.0
-1.372,2.015,0.736,0.807,289.0
-1.209,0.48,0.765,1.155,418.0
2.152,1.24,0.38,0.488,615.0
-2.0,0.604,0.483,1.522,177.0
0.941,-0.85,0.806,1.567,388.0
0.726,2.062,-0.929,1.445,539.0
-0.067,1.306,-1.519,1.513,293.0
-0.62,0.542,-0.263,0.422,417.0
0.776,0.589,-1.535,0.842,508.0
0.578,-0.337,0.352,1.646,750.0
-1.275,1.072,-0.085,-0.619,149.0
1.169,0.966,-0.931,2.674,345.0
-0.472,-1.22,0.087,-1.068,136.0
0.834,1.44,-0.847,-0.304,168.0
-0.152,0.44,-0.395,3.929,963.0
-1.166,2.201,-1.38,1.408,328.0
-0.527,0.643,-0.059,2.625,342.0
-0.645,1.745,-0.913,1.253,323.0
-0.14,0.892,0.723,-0.06,197.0
0.162,3.351,1.273,0.544,544.0
2.699,-0.282,0.048,2.113,286.0
-1.106,-0.316,-0.099,0.613,238.0
0.162,1.002,-0.434,2.276,489.0
-0.86,2.485,0.097,0.282,497.0
-1.707,2.27,-1.508,1.839,399.0
-0.304,2.365,-0.374,1.221,619.0
0.089,1.818,-1.565,0.553,443.0
-2.0,2.401,0.366,2.337,182.0
-1.213,1.246,0.563,1.019,262.0
-2.0,0.378,1.369,0.76,153.0
-0.567,1.069,0.464,0.289,527.0
0.075,1.339,0.642,1.354,334.0
0.427,0.541,-0.835,-0.438,102.0
0.62,0.627,-1.363,2.205,346.0
0.682,1.889,-0.418,0.645,335.0
0.167,2.098,-1.508,1.055,306.0
-0.564,1.25,-1.343,2.869,315.0
1.342,1.028,-0.586,1.503,596.0
-0.864,1.519,-0.987,0.84,264.0
0.166,0.553,0.328,1.412,365.0
1.422,1.228,1.075,0.853,404.0
2.041,-1.292,-0.168,0.158,279.0
-0.803,1.4,0.371,1.785,373.0
-1.344,1.279,-2.333,1.479,405.0
0.458,-1.609,0.149,1.046,249.0
0.216,0.016,-1.757,3.738,398.0
1.65,1.104,-0.336,2.621,663.0
-1.169,3.173,1.025,1.886,829.0
-0.422,2.402,-0.16,1.071,761.0
0.301,0.98,-0.855,1.644,338.0
0.78,0.711,-0.804,0.177,393.0
-0.172,0.044,-0.837,1.591,491.0
0.988,1.943,-0.782,1.833,789.0
-1.219,0.301,2.211,1.687,322.0
-0.497,-0.136,0.115,-0.298,347.0
-1.987,2.814,-0.236,0.862,171.0
0.354,2.34,-1.271,2.29,387.0
-0.46,1.367,0.262,-0.375,424.0
0.247,0.989,0.597,2.895,802.0
-1.052,2.666,0.14,-0.371,303.0
2.339,1.962,-1.382,2.571,926.0
0.347,0.584,1.546,1.135,483.0
1.055,0.506,0.704,-0.222,466.0
0.575,1.081,1.571,1.636,714.0
-1.052,-0.715,0.673,0.817,252.0
-2.0,-0.054,1.164,0.688,177.0
-0.318,1.606,-0.789,1.27,325.0
2.077,1.275,1.912,-1.04,395.0
0.244,1.18,-0.068,0.527,177.0
0.933,0.21,-1.756,0.21,399.0
-1.242,0.232,-1.479,0.955,292.0
0.178,-0.37,-0.961,1.319,788.0
0.487,0.889,0.84,0.191,718.0
-0.756,0.931,0.722,0.444,263.0
-1.847,1.002,-0.267,0.649,153.0
0.214,0.73,1.698,-0.464,171.0
-0.447,1.066,0.106,2.605,739.0
0.03,0.864,0.052,-0.67,588.0
0.272,3.004,1.431,2.444,949.0
-0.672,2.529,0.515,0.423,337.0
0.973,1.22,1.983,2.951,872.0
-1.673,1.48,-0.779,0.175,170.0
0.737,1.976,0.5,1.914,1065.0
0.038,0.739,-1.768,1.165,534.0
0.425,-0.123,-0.377,0.481,713.0
0.333,1.069,0.816,0.611,215.0
1.622,0.965,-0.574,0.458,316.0
0.429,0.453,0.666,1.269,375.0
1.293,0.566,0.777,2.198,863.0
-0.485,1.169,-1.022,1.453,741.0
0.133,-0.912,0.082,-0.034,426.0
-1.796,1.314,1.504,2.608,184.0
-0.902,1.83,-0.109,-1.043,81.0
-2.0,1.761,1.837,0.537,150.0
-0.474,0.204,0.36,0.713,176.0
-0.541,2.632,-0.472,0.963,542.0
1.059,1.141,-0.298,0.965,348.0
0.746,1.525,0.464,0.313,224.0
1.684,0.894,2.022,1.733,891.0
-0.606,-0.446,-0.81,0.61,221.0
0.602,1.202,-0.747,2.274,622.0
-0.1,1.41,0.006,1.948,417.0
0.723,-0.174,1.812,0.304,766.0
0.492,1.285,1.28,0.557,223.0
1.722,0.334,1.309,0.71,675.0
0.203,0.784,-0.665,1.816,238.0
0.489,0.367,0.645,2.208,754.0
0.198,1.907,0.808,0.486,608.0
-0.578,0.499,-0.029,0.586,273.0
1.507,1.531,2.091,-0.871,602.0
0.698,-0.036,-1.541,0.412,328.0
-1.971,2.507,-1.523,1.864,177.0
-0.289,1.858,-2.333,1.368,365.0
0.239,1.644,0.422,-0.259,239.0
-0.302,0.198,0.923,0.306,393.0
0.355,2.799,-0.717,4.003,1219.0
-0.389,0.327,1.029,1.13,206.0
0.813,0.972,-1.064,1.791,462.0
-0.534,-0.057,-0.373,-0.022,150.0
-0.993,0.511,2.449,0.006,221.0
-0.857,-0.069,1.022,0.715,213.0
0.379,1.615,-1.144,-0.07,496.0
0.585,0.49,0.325,1.127,218.0
-0.107,1.866,0.353,2.039,229.0
-0.433,1.353,0.464,1.335,380.0
-0.35,1.118,0.522,0.625,309.0
-0.629,1.088,0.13,1.069,193.0
-0.964,2.104,0.019,0.131,591.0
1.146,0.894,0.497,1.693,566.0
1.043,1.601,-0.028,3.128,360.0
0.818,-0.09,-0.197,2.732,892.0
-0.713,0.39,-0.118,-0.173,87.0
0.835,0.711,-0.676,0.514,595.0
-0.035,1.226,2.582,0.89,855.0
-0.298,0.935,0.576,1.497,365.0
0.107,1.244,0.859,1.861,235.0
0.846,1.162,1.983,2.081,905.0
1.097,1.168,0.917,1.179,722.0
-0.115,1.44,-0.854,2.026,332.0
0.054,3.892,-0.558,1.412,922.0
-2.0,0.122,0.768,1.4,177.0
-0.923,4.032,-1.468,0.27,563.0
-0.528,3.627,1.325,1.611,1101.0
0.827,1.804,1.443,2.198,779.0
0.129,0.936,-0.595,0.797,254.0
0.902,2.64,0.485,0.978,1111.0
1.084,2.044,-2.322,2.126,370.0
0.483,0.787,0.356,4.243,847.0
-0.022,2.499,0.634,1.905,772.0
-0.597,0.335,0.12,0.374,176.0
1.06,1.343,-1.233,1.932,871.0
-1.432,0.298,1.703,2.191,196.0
0.152,1.437,1.069,0.643,784.0
-0.882,0.918,-2.038,1.178,342.0
0.853,1.436,0.904,1.561,727.0
-0.14,-0.334,-0.115,0.652,172.0
0.206,1.051,-0.67,0.01,716.0
1.627,0.272,-0.524,2.408,749.0
1.508,0.263,1.054,1.116,853.0
1.947,1.017,1.187,2.101,758.0
-0.648,1.005,-0.947,0.927,309.0
0.042,2.04,-0.906,1.986,362.0
-0.231,2.704,0.462,0.944,897.0
1.247,2.15,-0.285,0.328,974.0
0.532,1.929,1.053,2.67,850.0
-1.309,-0.811,-1.721,1.229,542.0
-0.406,0.558,-0.249,1.944,471.0
-0.068,1.062,1.376,0.98,232.0
-0.599,0.881,-0.156,1.219,572.0
-1.867,0.137,1.292,1.281,181.0
0.533,1.584,-0.206,2.11,582.0
1.187,1.202,-0.255,0.977,256.0
-0.214,1.197,0.301,0.673,228.0
-0.828,1.945,-0.5,1.026,303.0
-1.365,1.193,1.124,0.855,159.0
-1.324,1.58,-0.801,0.992,216.0
0.07,1.597,0.757,-0.669,371.0
0.143,1.326,0.96,0.226,259.0
-0.389,1.429,-0.587,-0.043,401.0
0.816,0.766,0.162,1.507,251.0
-0.456,0.628,0.465,2.403,487.0
-0.146,0.63,0.121,1.121,642.0
1.246,3.844,-1.074,0.802,804.0
1.712,1.836,0.788,1.802,600.0
-1.243,0.365,0.124,1.216,419.0
0.113,0.848,-1.742,-1.541,78.0
0.877,1.429,0.619,0.948,250.0
0.107,1.784,-0.081,0.592,291.0
0.016,1.451,1.002,-0.733,96.0
0.041,-0.301,0.717,2.857,237.0
0.428,1.223,-0.856,0.695,363.0
0.407,0.66,-0.313,1.013,712.0
0.781,0.03,-0.005,1.903,478.0
-0.003,-0.026,1.35,0.492,520.0
-1.265,0.404,-1.424,0.413,313.0
1.026,1.833,-0.781,1.848,696.0
2.209,-0.493,1.484,-1.343,200.0
1.194,0.68,-0.807,-0.574,128.0
-0.501,1.158,1.177,0.294,140.0
1.0,1.745,0.964,0.589,885.0
0.465,1.813,-0.023,1.946,293.0
-1.001,1.182,-0.161,0.626,178.0
-0.11,0.244,-0.03,0.731,283.0
-1.637,1.18,0.44,0.57,158.0
-1.33,-0.356,0.642,2.012,200.0
0.152,2.175,-0.323,2.016,396.0
0.057,1.413,-0.554,1.677,401.0
0.459,2.378,0.517,-0.382,171.0
0.234,0.737,-1.501,1.283,575.0
-0.482,0.442,-0.001,0.903,303.0
1.207,1.443,0.871,-0.489,510.0
0.547,0.432,1.481,0.608,533.0
0.426,0.419,1.845,0.814,481.0
0.575,1.535,0.764,1.206,682.0
-0.596,0.042,-0.042,0.594,301.0
-0.443,0.491,-0.394,2.441,336.0
2.077,1.945,1.289,0.584,568.0
0.723,1.086,-0.358,0.983,322.0
-0.859,3.46,1.512,0.815,466.0
0.667,1.222,-0.959,2.016,735.0
-0.296,0.221,1.038,2.304,422.0
-1.307,-0.827,-0.594,0.588,364.0
-0.716,1.059,-0.244,0.059,365.0
0.348,1.72,-1.152,1.996,464.0
-0.013,0.83,-0.353,2.444,233.0
-0.771,0.637,-0.273,0.506,440.0
0.856,1.222,0.181,-0.603,158.0
-0.651,-0.045,1.966,2.399,463.0
-1.39,3.153,-0.06,2.44,340.0
0.238,-1.932,0.885,1.93,244.0
2.227,0.607,0.739,2.471,595.0
-0.125,-1.847,-0.73,1.407,235.0
-0.151,0.04,-1.409,1.065,692.0
-0.828,2.831,-0.091,0.497,464.0
-0.388,0.67,-0.71,2.508,765.0
0.252,2.229,-0.562,2.116,236.0
0.697,0.307,0.207,0.106,281.0
-2.0,0.378,-1.882,2.007,177.0
-2.0,0.767,-1.226,0.516,162.0
0.968,-0.26,2.211,0.957,538.0
0.862,1.406,1.532,0.157,555.0
0.932,0.473,-1.31,1.333,254.0
0.698,-0.522,1.208,1.518,393.0
0.579,-0.374,1.164,2.789,699.0
1.195,-0.151,-0.626,1.556,342.0
-0.643,-1.21,-0.79,0.822,221.0
-1.742,1.089,0.11,2.175,185.0
-1.4,1.473,1.222,1.563,196.0
0.092,0.807,-0.151,0.051,267.0
1.578,-0.813,0.34,0.842,774.0
1.337,1.208,-0.397,0.979,512.0
-1.16,0.614,0.044,0.395,237.0
0.261,2.178,-0.467,2.49,744.0
-1.285,0.594,-0.472,0.716,138.0
1.475,1.247,-0.274,1.849,261.0
1.134,0.783,1.901,-0.122,276.0
-0.744,0.595,0.083,2.708,416.0
-1.506,2.263,1.066,0.136,155.0
-0.387,1.917,2.285,1.219,299.0
-0.803,2.479,-1.725,2.552,723.0
-0.736,1.364,1.142,-1.001,227.0
0.956,0.659,-0.128,0.973,644.0
0.825,-0.74,-1.955,0.426,232.0
-0.795,0.599,-0.611,0.017,414.0
-0.274,0.913,0.063,-0.321,447.0
1.526,1.556,0.052,0.933,343.0
-1.097,2.187,-1.481,1.013,400.0
-1.829,2.493,-0.459,1.026,159.0
-2.0,0.928,1.309,1.697,177.0
-0.535,-1.015,1.379,-0.587,136.0
0.381,0.744,-0.353,2.862,242.0
-0.039,2.451,-0.892,2.407,721.0
-0.109,1.11,0.657,1.257,231.0
0.996,1.92,0.294,-1.04,345.0
-0.396,1.951,-0.204,0.986,364.0
0.073,-1.023,0.467,0.072,187.0
-1.703,0.119,0.984,1.977,271.0
1.334,-0.159,0.311,1.687,492.0
0.811,1.704,-0.294,0.423,679.0
-0.853,-2.079,1.416,1.131,403.0
0.04,0.546,0.112,1.737,930.0
-0.706,1.722,-0.376,-0.896,68.0
-0.392,2.814,0.468,2.787,819.0
-1.553,0.22,1.735,0.024,136.0
0.97,2.424,1.29,0.669,611.0
-0.938,1.134,1.145,0.218,429.0
-0.907,1.41,-0.308,2.349,657.0
0.14,2.699,0.653,-0.054,834.0
1.162,0.77,-0.644,1.109,530.0
-1.807,1.484,0.574,0.966,165.0
-1.376,-0.27,-0.418,1.286,362.0
-0.628,1.007,-0.093,2.637,305.0
1.563,1.23,-0.165,2.089,323.0
0.638,2.209,3.12,0.348,185.0
-1.38,1.467,-0.26,1.606,385.0
1.356,1.978,0.133,0.85,715.0
-1.509,1.756,-0.556,0.069,250.0
-1.437,1.27,0.05,2.061,361.0
0.701,-1.363,-1.72,0.104,254.0
-0.79,1.717,0.481,1.667,213.0
-0.496,1.841,1.288,-0.485,390.0
1.384,2.583,0.225,-0.351,482.0
-0.947,1.121,0.699,-0.163,504.0
-0.915,1.155,-0.01,0.861,504.0
0.592,0.617,-0.283,-0.117,407.0
0.955,1.913,0.479,2.907,740.0
-1.465,0.641,-0.799,1.494,430.0
-0.894,-0.129,0.902,0.245,621.0
-0.698,0.525,-1.161,1.082,469.0
-0.297,0.186,-2.333,-0.047,328.0
-0.911,2.656,-0.272,-0.077,397.0
-0.39,0.634,0.214,2.175,654.0
0.235,1.347,0.023,1.016,647.0
-0.404,2.501,0.211,1.274,867.0
-0.674,1.578,-0.181,1.625,216.0
-0.723,0.683,-0.302,-0.232,468.0
0.333,0.598,-1.674,0.602,541.0
0.093,2.701,-1.476,2.422,761.0
-1.523,1.437,1.414,2.638,192.0
-1.096,1.153,-0.671,0.567,248.0
-0.541,3.743,1.132,-0.808,204.0
-0.244,0.622,0.207,0.861,457.0
0.933,-0.355,-0.5,0.053,200.0
0.677,0.035,-0.586,0.232,482.0
1.187,0.779,-2.055,1.215,367.0
-0.768,1.133,0.012,1.953,591.0
-0.387,2.61,-1.415,1.069,598.0
-1.61,2.319,2.066,2.07,189.0
-0.302,0.553,0.364,1.883,227.0
-0.444,0.551,0.023,1.281,586.0
0.21,-0.244,0.799,0.12,783.0
-0.27,2.941,-0.781,1.195,984.0
-0.243,2.011,1.032,1.455,226.0
-0.741,-0.126,0.468,1.854,735.0
0.207,1.637,1.086,-0.83,133.0
-0.259,1.984,1.2,1.454,824.0
1.248,0.184,0.501,-0.348,374.0
1.61,-0.052,-0.564,0.348,213.0
-0.902,-0.59,0.146,0.722,591.0
0.509,1.442,-0.755,2.299,341.0
-0.941,0.892,-0.546,1.486,330.0
-0.149,1.363,1.115,-0.394,739.0
-0.042,1.706,-0.122,2.812,231.0
-0.14,1.668,-0.637,-0.454,399.0
1.512,0.384,0.822,1.633,244.0
-0.727,2.161,1.265,-0.38,321.0
-2.0,1.57,-0.037,1.005,153.0
-1.017,1.042,-1.379,0.604,174.0
-0.772,2.096,2.299,-0.51,67.0
0.463,2.15,0.912,0.424,637.0
2.284,0.479,-0.819,2.554,277.0
-1.221,1.175,-2.137,0.1,117.0
-0.305,-0.416,2.75,0.545,694.0
-0.514,2.354,-0.939,-0.836,84.0
0.066,0.535,2.151,0.291,198.0
-0.255,1.217,0.763,-0.131,246.0
0.558,-0.457,-1.556,0.684,483.0
0.323,0.098,0.246,1.544,616.0
-0.721,1.419,0.964,0.609,193.0
1.02,2.187,2.213,1.236,783.0
-0.488,1.884,0.206,-0.272,550.0
0.66,-0.306,1.014,2.457,651.0
-0.208,0.23,-0.926,1.165,504.0
0.066,1.052,0.517,1.324,777.0
-0.479,1.32,-1.771,0.976,592.0
0.265,1.273,0.282,1.349,473.0
-0.401,1.212,-2.333,0.745,451.0
-2.0,0.384,-1.279,1.88,177.0
0.065,2.48,-1.096,-0.168,241.0
-1.772,0.833,0.817,1.981,150.0
-0.377,1.804,-1.411,2.23,517.0
-0.241,0.787,-1.788,1.995,467.0
1.541,0.795,1.187,0.485,1077.0
0.361,0.778,-0.214,0.933,466.0
-1.294,1.776,0.266,1.487,209.0
-1.059,2.023,-0.316,0.897,179.0
0.376,1.079,-0.08,4.071,585.0
0.09,0.765,0.293,1.176,434.0
0.261,0.127,0.539,2.099,372.0
-0.336,-0.408,0.903,2.846,614.0
-0.397,1.447,0.116,1.651,812.0
0.119,1.822,-2.333,2.869,433.0
0.548,-0.485,0.326,1.589,249.0
-0.608,1.157,-0.698,1.061,330.0
1.006,2.901,-1.258,1.516,900.0
-1.258,0.278,-0.152,2.229,201.0
-1.637,1.128,0.748,0.936,171.0
1.334,2.513,0.056,-0.723,170.0
-0.214,0.43,-0.127,-0.37,126.0
-0.443,2.259,-0.892,1.67,481.0
-1.736,0.262,0.416,1.422,186.0
0.973,2.175,-1.491,1.826,733.0
-1.546,2.64,0.802,-0.566,92.0
-0.265,2.24,0.332,1.136,868.0
-1.305,0.236,-1.357,-0.141,275.0
0.226,-0.328,0.629,1.461,636.0
0.58,0.188,0.739,0.315,566.0
-0.522,2.39,0.592,0.357,582.0
-1.398,0.765,2.463,0.513,110.0
0.637,2.966,-1.225,-1.083,187.0
-0.23,2.754,-0.635,0.501,573.0
-0.262,0.976,-1.034,1.984,227.0
0.732,0.679,-1.549,0.139,184.0
-0.699,1.567,1.006,0.961,216.0
1.186,1.09,-1.163,2.586,340.0
0.729,1.34,0.11,1.235,585.0
0.071,0.906,-0.948,2.61,711.0
1.555,1.141,-2.333,0.548,330.0
-1.763,-0.247,-0.263,2.248,185.0
-1.767,0.839,1.248,1.356,144.0
1.487,1.401,-0.312,2.049,456.0
-1.821,0.655,-0.414,1.103,183.0
0.78,2.362,1.926,0.328,570.0
-0.458,1.028,0.899,1.337,808.0
-0.74,0.143,0.908,0.97,509.0
0.541,0.234,0.538,1.159,618.0
-0.14,1.09,0.138,0.665,287.0
1.007,-0.016,-0.162,0.628,227.0
-1.613,1.572,-0.006,-0.625,66.0
-0.759,2.965,-0.642,1.346,609.0
0.496,2.192,1.397,2.3,726.0
-0.649,-0.449,0.001,0.266,194.0
-0.897,2.87,-0.852,0.7,202.0
-0.219,0.971,0.531,3.039,502.0
-0.399,2.576,-1.243,2.022,221.0
1.54,2.531,0.579,0.736,1053.0
0.909,3.747,0.093,1.003,797.0
-0.26,-0.77,0.847,0.919,583.0
-0.852,0.352,-0.109,0.825,182.0
0.359,0.913,-1.357,0.475,486.0
-0.845,-0.031,1.867,2.056,642.0
1.23,0.436,-0.062,2.2,473.0
-0.643,-0.875,0.917,3.256,220.0
0.713,1.322,-0.077,1.243,910.0
-0.024,0.462,0.021,0.405,229.0
1.022,2.253,-0.235,0.893,713.0
-2.0,1.293,-0.401,1.991,177.0
-0.688,-0.43,-0.358,0.357,175.0
1.222,2.597,-1.012,1.349,720.0
-1.559,0.982,0.81,2.768,192.0
0.38,3.168,-0.933,1.049,829.0
-0.304,2.202,1.533,0.406,394.0
1.08,0.716,-1.459,0.729,1069.0
1.33,0.984,-1.378,-0.521,108.0
-0.394,0.726,1.294,0.676,647.0
-0.827,-0.204,0.426,1.286,359.0
0.963,2.929,0.277,0.384,912.0
-0.258,-0.008,-0.324,1.496,459.0
2.923,2.644,1.51,0.541,897.0
1.772,1.145,0.924,2.411,1128.0
0.878,1.405,-0.658,1.894,597.0
-0.718,0.209,-0.238,0.809,576.0
1.106,1.931,1.395,0.642,720.0
0.506,1.942,0.078,1.635,583.0
0.644,1.31,-0.53,1.223,347.0
0.206,0.622,0.19,0.925,563.0
-0.615,1.791,1.392,1.834,463.0
-0.97,0.453,0.259,1.387,341.0
0.152,1.48,0.287,1.53,465.0
-0.56,1.071,-1.871,1.965,493.0
-0.493,0.835,-1.556,0.204,232.0
-0.039,2.714,1.04,1.616,649.0
0.452,-0.787,0.185,2.457,384.0
-0.062,0.44,-2.333,-0.118,332.0
-0.862,1.017,0.985,0.788,399.0
0.468,1.237,0.942,1.648,947.0
0.519,1.402,-0.454,3.406,746.0
-0.006,-0.821,-1.328,-0.13,144.0
0.514,-0.609,-0.92,1.134,344.0
1.513,1.889,0.97,0.248,193.0
-2.0,2.321,-0.046,0.557,100.0
0.264,-0.752,0.111,0.854,487.0
0.321,1.376,-0.035,1.185,303.0
-0.622,-0.478,0.573,-0.673,281.0
0.214,1.115,-1.134,0.529,199.0
-0.182,-0.167,1.106,1.783,888.0
-0.9,0.302,0.829,1.966,378.0
-0.434,2.192,1.517,0.098,616.0
0.371,0.77,-0.107,1.639,356.0
-0.284,-0.115,-0.354,0.324,709.0
-0.952,3.673,1.378,1.955,611.0
-0.33,0.525,-0.213,1.285,226.0
0.35,0.734,0.968,-1.125,141.0
-0.036,0.739,-0.175,-0.421,264.0
0.257,1.019,0.35,-0.451,577.0
0.808,2.479,-1.385,-0.659,530.0
1.225,0.353,-1.586,0.157,510.0
-2.0,0.58,-0.581,2.269,177.0
0.278,1.893,1.174,2.031,621.0
-1.563,2.415,1.389,2.28,191.0
-0.396,0.495,-0.681,-0.36,302.0
0.044,1.823,0.007,1.68,614.0
-0.975,0.45,2.103,2.798,360.0
-0.572,3.431,0.677,2.759,855.0
-0.094,3.067,-1.302,-0.324,408.0
-0.798,0.611,-1.157,1.917,317.0
-0.586,1.132,0.042,1.634,219.0
-0.091,-0.328,1.016,0.677,679.0
-0.84,1.479,-2.333,0.644,275.0
-0.113,2.064,-0.151,1.862,499.0
1.81,2.126,-0.564,1.288,982.0
1.54,1.779,-0.641,1.486,432.0
1.247,2.428,-2.066,0.577,611.0
1.565,1.52,1.09,2.612,943.0
0.495,-0.129,-0.289,0.826,466.0
-1.827,1.362,0.285,2.096,183.0
0.286,1.697,-0.219,2.13,966.0
-2.0,1.813,-0.983,0.919,153.0
0.777,1.433,1.047,-0.066,768.0
0.247,0.726,-0.131,0.915,418.0
-1.762,2.349,0.259,2.239,184.0
-0.535,1.654,-0.56,1.096,821.0
-2.0,-0.145,-1.752,1.389,177.0
1.028,1.75,0.655,0.625,681.0
0.447,1.473,-0.147,1.382,484.0
-0.433,1.254,-0.206,-0.202,312.0
-0.173,-0.616,-0.211,1.001,352.0
1.917,2.763,-1.92,0.508,1045.0
-0.583,1.978,-1.289,0.432,218.0
-0.855,1.54,0.803,0.526,306.0
-1.037,0.318,-0.191,0.831,625.0
0.932,3.746,-0.354,1.65,1176.0
0.535,2.776,0.723,1.271,761.0
-2.0,0.297,-0.892,0.498,177.0
1.215,1.636,2.182,0.649,754.0
0.031,2.598,-1.276,1.24,426.0
-0.336,1.988,-0.442,1.275,356.0
0.085,0.184,0.199,0.393,525.0
-0.136,1.363,-1.535,0.855,523.0
-0.068,3.165,0.724,0.506,1108.0
0.695,1.89,0.973,0.411,291.0
1.51,0.099,-0.237,1.314,366.0
0.297,2.085,0.237,0.227,854.0
-1.534,2.77,-1.945,-0.553,110.0
-1.06,0.776,1.249,-0.49,360.0
0.041,2.676,-0.351,-0.35,264.0
-1.044,3.393,-0.045,2.79,663.0
0.925,3.614,2.916,2.339,1112.0
-0.017,-0.397,0.848,0.991,236.0
-0.125,0.632,0.702,2.268,359.0
0.084,2.037,0.0,1.163,432.0
1.079,1.29,0.419,1.184,455.0
0.858,1.767,-0.793,0.119,405.0
-0.021,1.94,-0.943,-0.825,495.0
0.643,0.31,-0.627,-0.355,296.0
1.43,0.525,-1.002,2.105,703.0
0.46,-0.91,-0.583,-0.283,301.0
-1.29,1.501,0.312,2.029,272.0
0.245,0.785,0.29,2.517,239.0
-0.983,2.522,-0.217,0.56,413.0
-0.213,0.148,-1.013,1.166,983.0
0.213,1.419,0.107,1.058,1042.0
0.736,2.157,0.287,2.0,245.0
0.725,0.942,1.711,0.471,209.0
0.923,0.553,1.601,1.543,399.0
-0.473,1.984,0.307,2.128,330.0
-1.462,0.314,0.527,1.839,195.0
-0.496,1.722,-0.83,0.998,497.0
-0.86,0.075,-0.716,0.595,328.0
-1.024,0.289,1.132,-0.136,201.0
0.06,1.588,0.055,1.887,354.0
-0.919,-0.393,1.763,0.514,212.0
1.035,0.111,-1.666,1.518,823.0
-0.25,1.034,0.855,2.105,227.0
0.186,2.211,0.52,3.23,235.0
-1.399,1.118,-0.549,0.588,196.0
0.37,1.408,-2.049,-1.436,81.0
0.581,0.372,1.323,1.435,391.0
-0.386,1.457,0.336,2.565,351.0
1.985,1.562,-0.197,1.858,268.0
0.255,2.229,0.544,1.868,982.0
-0.845,2.936,-1.125,0.47,323.0
-0.839,2.234,1.522,-0.064,147.0
0.222,2.829,-0.702,1.203,509.0
-0.334,0.138,-1.317,1.981,452.0
0.098,3.227,1.07,-0.972,460.0
-1.367,2.256,-2.333,1.609,387.0
-0.403,0.116,-0.606,2.926,450.0
-2.0,1.172,-0.037,1.902,177.0
-0.28,1.303,-0.316,-0.546,121.0
0.898,1.088,-1.155,1.87,865.0
1.034,0.218,1.237,1.791,841.0
1.512,1.42,-0.818,0.416,623.0
0.277,2.21,-0.258,0.305,782.0
2.465,1.755,-0.288,-0.655,316.0
0.866,0.554,-0.707,0.786,468.0
0.612,2.092,-0.435,1.201,353.0
-0.709,-0.258,1.899,0.561,507.0
-0.23,1.604,0.087,-0.333,250.0
0.868,0.856,0.489,0.658,546.0
0.876,1.226,1.039,1.061,570.0
0.431,0.213,-0.893,0.275,296.0
-0.068,2.076,-0.35,1.864,838.0
-0.155,1.753,0.324,1.595,554.0
-0.359,2.222,0.82,0.326,857.0
0.467,0.566,-0.209,-0.366,221.0
-0.364,3.019,-1.043,0.058,385.0
-0.046,2.002,0.186,0.765,287.0
0.756,2.61,-1.035,1.457,733.0
0.188,1.966,0.433,0.206,618.0
-0.28,2.812,-1.195,1.154,687.0
-0.633,0.893,0.81,0.216,306.0
1.851,-1.301,-0.31,0.49,547.0
0.345,1.866,0.171,1.38,571.0
0.651,0.37,-0.867,1.186,229.0
-1.987,-1.057,1.642,1.856,177.0
-0.153,0.383,0.441,0.862,207.0
-0.654,2.082,0.434,0.289,644.0
-0.523,0.457,-0.34,0.677,472.0
-1.074,1.312,-0.269,0.698,187.0
-0.717,1.681,0.737,0.153,218.0
-1.347,1.0,-1.855,-0.387,265.0
-0.752,1.251,1.746,1.263,597.0
-0.453,2.222,1.198,-0.018,466.0
1.016,1.217,-0.792,3.108,253.0
-1.415,1.392,-0.413,0.223,163.0
1.999,1.983,-1.234,2.455,403.0
0.502,0.758,0.396,0.385,492.0
-0.362,0.522,-1.239,0.921,607.0
0.285,0.935,-0.709,1.295,882.0
0.655,1.038,0.308,0.809,355.0
1.457,1.113,0.268,0.367,813.0
1.206,1.985,-1.617,1.723,756.0
0.191,-0.813,0.041,2.302,241.0
1.354,1.807,-0.506,-0.348,481.0
0.328,1.425,-0.001,0.041,180.0
1.293,1.914,-0.443,1.874,448.0
-1.181,1.61,0.159,1.13,196.0
1.808,1.749,0.023,0.885,478.0
0.356,0.099,-0.465,1.261,300.0
-0.842,1.479,0.152,-0.071,211.0
0.466,2.324,-0.746,1.374,495.0
-0.197,-0.363,0.366,2.569,499.0
-0.031,1.401,-0.408,0.44,374.0
-0.246,1.745,-2.082,1.352,290.0
0.457,0.998,0.641,0.733,337.0
-0.174,-0.379,1.064,2.632,532.0
-0.986,-0.416,-0.576,0.856,202.0
0.114,2.783,-0.396,2.522,828.0
-0.317,0.379,-0.686,0.434,416.0
0.75,0.154,0.524,1.19,251.0
0.397,2.056,-0.422,3.498,898.0
-0.652,2.816,0.814,2.502,1090.0
0.714,0.676,-0.522,2.796,351.0
0.731,1.931,-1.215,1.467,473.0
-0.746,2.85,1.595,-0.973,214.0
0.781,2.164,-0.215,4.19,669.0
-1.53,3.717,-0.306,1.56,402.0
2.19,1.291,-1.658,2.537,272.0
-0.788,1.764,0.443,1.185,373.0
0.745,0.467,0.724,0.362,551.0
-1.152,0.823,-1.516,1.759,341.0
-0.197,1.451,0.095,-0.72,113.0
-0.105,1.211,0.612,2.066,963.0
1.203,0.785,0.508,2.81,376.0
0.982,0.907,0.184,1.321,752.0
-0.837,1.284,1.009,0.816,592.0
-0.577,-0.641,-0.041,1.432,351.0
-0.259,2.194,-0.54,1.418,756.0
-0.625,1.101,-0.261,-0.909,120.0
-0.89,0.686,0.046,0.569,417.0
-2.0,0.439,0.094,1.93,177.0
-0.303,0.622,0.499,0.744,364.0
-1.431,0.204,0.558,1.731,274.0
1.291,1.669,0.57,0.759,309.0
0.2,1.214,0.209,3.126,608.0
-0.844,0.788,-0.029,2.387,451.0
0.553,0.305,-2.208,0.974,323.0
-1.497,-0.327,-0.163,1.437,194.0
-0.482,1.78,0.462,2.238,742.0
1.066,0.261,0.094,2.365,674.0
-1.009,2.294,0.861,2.0,423.0
1.632,2.093,-0.87,0.318,620.0
0.119,-0.466,0.616,0.786,239.0
0.488,1.93,0.334,1.298,699.0
-0.499,1.304,-0.12,0.94,164.0
-0.524,-0.602,-0.651,0.71,323.0
-0.99,1.674,0.719,1.683,466.0
-0.414,2.128,0.897,0.435,549.0
-0.592,-0.781,-1.131,1.526,399.0
-0.684,1.686,0.704,0.551,161.0
-0.707,1.284,-0.901,1.939,216.0
-0.459,0.979,-0.514,-0.297,302.0
0.365,1.222,0.03,0.748,439.0
0.573,0.597,0.968,0.13,527.0
0.593,1.386,-0.47,0.656,591.0
-0.058,1.041,0.23,-1.05,303.0
0.92,1.01,0.313,0.561,388.0
-1.035,-0.122,-0.593,2.489,249.0
0.405,0.077,0.936,2.487,759.0
1.308,-1.609,-0.12,1.945,481.0
-0.29,1.749,1.02,2.373,797.0
0.353,3.103,0.551,1.52,1042.0
0.148,0.523,-0.673,0.875,226.0
-0.675,0.696,0.709,0.343,191.0
2.947,0.52,-0.467,1.071,371.0
0.668,1.608,-0.058,-0.594,581.0
1.0,1.747,1.209,0.953,782.0
0.438,2.185,0.422,2.458,215.0
2.509,0.279,-2.333,0.445,219.0
-0.075,1.249,-0.156,0.532,664.0
-0.807,1.506,-0.63,2.503,187.0
-0.885,2.124,-0.667,2.304,210.0
-0.443,-0.282,1.213,1.548,440.0
-1.223,1.726,1.109,1.501,364.0
0.701,0.99,-0.401,1.22,451.0
0.045,2.582,-0.011,1.671,324.0
0.871,1.613,1.098,1.828,887.0
0.873,2.524,0.393,1.65,852.0
0.275,1.397,-0.927,1.834,238.0
0.524,0.777,0.564,2.059,720.0
-0.131,1.873,-0.182,2.239,893.0
0.826,1.903,-0.065,0.701,427.0
1.715,1.697,-1.961,1.931,578.0
-0.179,0.228,0.518,0.962,343.0
0.163,2.071,0.291,1.284,169.0
1.045,0.135,-0.379,-0.338,318.0
1.848,2.223,0.466,0.522,879.0
1.579,0.407,-0.757,1.867,607.0
-0.494,2.007,-0.579,0.483,642.0
1.197,1.268,-0.734,0.76,670.0
0.339,-0.82,-0.015,-0.171,619.0
-0.442,0.829,1.987,1.263,453.0
-0.441,1.346,0.491,0.733,181.0
0.934,1.422,-0.165,-0.07,590.0
0.981,0.309,-1.727,0.825,498.0
-0.351,1.847,2.451,1.166,521.0
0.224,2.086,1.176,-0.394,130.0
-0.556,2.955,0.564,1.105,710.0
0.07,1.163,-2.135,2.05,478.0
-1.372,1.606,-0.333,1.565,197.0
1.607,-0.148,-1.533,2.593,490.0
-0.327,1.73,0.045,2.406,568.0
0.908,1.673,1.378,0.436,766.0
-0.768,1.71,-0.54,-0.618,141.0
0.813,1.956,-0.437,-0.556,221.0
0.441,2.422,0.195,2.345,964.0
0.217,1.808,-0.423,1.906,455.0
-0.054,1.699,-0.5,1.306,291.0
0.168,0.271,1.164,1.542,371.0
1.202,1.574,0.968,0.351,187.0
0.284,-0.119,-0.717,0.371,629.0
-1.285,0.798,0.418,0.927,248.0
1.1,2.521,-0.219,1.093,546.0
1.116,1.023,0.153,0.418,631.0
0.226,3.06,-0.845,-0.144,407.0
-2.0,0.185,-0.044,1.167,177.0
-0.218,0.7,0.742,1.482,566.0
-2.0,1.534,-1.279,-0.012,152.0
0.992,1.268,-1.067,0.349,265.0
-1.192,1.492,1.251,1.3,146.0
0.437,1.265,0.62,0.657,792.0
0.938,1.225,0.869,1.833,752.0
-1.136,1.542,0.913,1.406,219.0
-0.357,2.443,0.867,0.25,288.0
-0.583,0.33,0.342,0.385,235.0
0.023,1.31,-0.611,0.862,243.0
0.574,0.347,1.102,-0.208,199.0
-0.23,0.935,-1.171,1.955,842.0
-0.057,-0.066,0.139,-0.102,192.0
-1.248,0.34,0.152,2.467,205.0
0.949,1.263,1.298,2.056,903.0
-0.049,1.286,-0.671,0.728,260.0
-0.144,2.511,-1.955,0.748,213.0
-0.45,0.52,-1.116,0.526,191.0
-0.308,1.591,-0.653,0.661,283.0
-1.043,0.391,1.187,1.125,187.0
0.273,2.017,1.418,-1.662,193.0
0.514,3.258,0.907,-0.338,579.0
-1.085,1.28,-0.225,1.629,233.0
-0.201,2.305,0.227,1.298,335.0
0.014,1.265,-0.239,0.517,144.0
-0.3,2.07,0.889,0.876,516.0
-0.205,1.475,-1.379,1.22,370.0
1.582,1.83,-1.419,-0.188,258.0
0.994,1.665,0.093,1.179,903.0
-0.33,0.048,0.414,1.809,227.0
0.042,2.734,1.93,2.714,647.0
1.197,1.172,0.785,0.605,390.0
-2.0,2.066,0.889,2.903,176.0
-1.39,1.32,1.312,1.801,184.0
2.15,1.156,1.667,1.554,725.0
-0.045,2.749,-0.357,2.009,826.0
0.487,0.256,-0.827,0.426,214.0
-0.333,2.71,-0.833,1.322,800.0
-0.771,0.301,-0.061,0.974,387.0
-1.482,1.375,-1.167,0.682,145.0
-0.532,1.789,-0.699,0.174,256.0
0.346,2.097,0.682,1.068,695.0
-1.333,-0.068,0.634,1.701,308.0
0.455,2.45,-2.077,0.225,523.0
-0.124,0.349,0.77,0.41,232.0
-0.778,1.049,-1.075,0.425,256.0
-0.495,0.926,0.549,0.978,268.0
-0.462,0.006,-1.835,0.807,224.0
-0.372,1.767,0.031,-0.265,491.0
0.129,0.843,0.816,-1.102,86.0
-1.207,0.955,-0.489,1.147,279.0
-0.753,3.003,-0.838,0.617,232.0
-1.793,0.219,-0.134,2.797,184.0
-2.0,0.288,-1.356,-0.983,72.0
-0.101,1.993,-0.807,1.056,303.0
-0.007,0.951,0.805,1.953,233.0
-1.371,1.05,-2.333,0.799,557.0
-1.304,-0.131,0.407,1.819,173.0
0.706,-0.747,-0.917,-0.124,355.0
-0.851,1.15,0.319,1.163,682.0
1.261,0.824,-0.501,1.041,356.0
-0.586,1.399,-0.812,1.941,317.0
0.819,2.188,0.073,1.292,764.0
0.022,1.559,0.328,-1.833,77.0
-0.489,1.578,1.208,1.451,855.0
1.073,1.02,0.32,0.275,232.0
2.341,0.261,-0.458,2.348,513.0
-1.231,2.811,0.579,1.399,621.0
0.037,0.168,-0.36,3.378,710.0
0.087,1.471,0.736,1.894,234.0
-0.504,2.274,1.136,-0.059,656.0
0.463,0.772,0.585,1.81,777.0
0.815,0.053,-1.168,1.362,639.0
-1.324,3.214,0.142,2.205,615.0
2.029,-0.231,-0.825,1.086,523.0
-0.393,-0.263,0.127,0.714,226.0
1.151,0.588,1.032,0.781,507.0
0.342,0.735,-0.057,1.553,579.0
0.378,1.605,-0.188,1.326,240.0
1.65,0.773,0.715,1.074,359.0
-0.758,1.531,-0.26,0.048,586.0
-0.335,0.906,-0.188,1.193,468.0
-1.33,0.786,1.267,0.995,199.0
-0.791,0.789,-1.046,3.032,285.0
-0.739,2.653,1.203,2.297,430.0
0.345,0.526,-0.074,1.444,334.0
-0.1,-0.257,-1.18,1.181,233.0
0.401,1.116,0.165,-0.404,368.0
0.158,0.684,0.91,3.06,237.0
0.839,1.867,-0.681,1.12,716.0
0.184,1.757,-0.054,-0.045,415.0
-2.0,-0.829,1.153,1.45,177.0
2.216,1.309,-0.447,0.688,339.0
-0.089,1.908,1.4,0.681,229.0
0.064,1.857,0.74,0.053,718.0
-1.589,-0.145,-0.958,2.515,198.0
1.027,1.761,0.446,0.963,610.0
-0.342,0.426,1.705,0.956,226.0
-0.287,-0.473,0.045,0.87,229.0
1.258,1.229,0.356,1.145,725.0
0.168,0.899,-0.846,1.992,352.0
-0.709,1.415,0.505,0.296,416.0
1.014,-1.469,-1.764,0.978,261.0
-0.876,-0.731,-0.534,1.79,334.0
1.409,0.447,-0.576,-1.571,226.0
-0.982,1.943,0.122,0.945,321.0
-0.965,2.605,0.507,0.208,311.0
-0.283,1.961,-1.079,1.416,457.0
-0.385,0.296,0.533,0.654,606.0
-1.588,0.11,-0.58,-0.538,83.0
-0.032,-1.211,-0.511,1.323,237.0
-1.114,1.245,0.685,1.418,203.0
1.032,0.447,1.613,-0.135,406.0
-1.576,1.404,-2.282,1.815,317.0
0.823,2.016,0.355,1.135,567.0
-1.642,1.678,0.809,-0.309,109.0
0.633,2.019,0.016,2.502,356.0
-1.309,-0.031,-0.628,-0.961,75.0
-0.43,-0.538,-1.628,-0.087,266.0
-1.038,2.132,-0.466,1.015,278.0
0.028,2.614,0.077,1.602,702.0
0.559,0.57,-1.499,0.209,401.0
-0.875,1.195,-2.116,2.335,517.0
-0.179,-0.46,-0.085,2.333,729.0
-1.862,0.048,-0.964,1.454,182.0
-1.15,-0.419,0.805,1.976,236.0
0.048,-0.917,0.158,2.481,364.0
-2.0,-0.149,-0.668,-0.266,91.0
1.246,-0.098,-2.311,1.562,636.0
1.293,1.432,-0.674,0.909,556.0
2.671,0.285,1.351,2.175,632.0
-0.586,-0.43,-0.538,1.499,469.0
-0.033,-0.069,0.17,1.447,361.0
-1.899,1.39,-0.482,5.304,180.0
-1.053,0.149,0.975,2.309,461.0
-1.121,2.535,-1.888,0.844,635.0
-0.333,0.817,-1.859,0.222,385.0
-0.773,1.533,-0.552,0.317,336.0
-0.918,1.529,0.417,0.97,778.0
2.115,0.349,1.052,1.982,275.0
0.375,-0.611,-0.91,0.299,291.0
-0.433,1.202,-0.327,0.049,178.0
1.3,0.565,-1.348,3.857,498.0
0.17,1.644,-0.332,1.998,480.0
-0.543,1.193,0.084,0.748,463.0
-0.129,0.582,-0.203,-0.141,440.0
2.684,0.986,2.103,1.092,565.0
0.999,2.201,1.452,-0.79,560.0
-0.262,-0.698,-1.459,-0.401,466.0
-0.291,1.947,0.375,0.606,734.0
-0.319,1.501,0.804,1.476,581.0
0.547,0.557,-0.847,0.347,939.0
-0.343,-0.247,0.193,-0.267,513.0
-2.0,1.557,-0.352,1.74,176.0
0.824,2.172,-0.743,-0.338,586.0
-0.099,2.081,1.094,1.952,973.0
0.936,1.136,0.231,1.31,579.0
-1.394,2.068,-0.775,0.704,383.0
-2.0,1.468,0.349,1.213,176.0
0.871,3.338,0.398,0.603,1119.0
0.47,1.234,1.009,0.234,745.0
0.873,-0.004,-1.366,1.051,410.0
-0.757,0.621,-0.671,0.329,337.0
0.562,0.38,1.146,2.41,731.0
-0.734,1.965,0.128,2.711,444.0
0.341,0.848,-0.607,1.57,301.0
0.835,1.414,-0.796,0.162,705.0
0.101,0.613,-2.333,-0.424,270.0
-2.0,3.115,1.302,0.249,99.0
-1.478,1.716,-1.292,1.781,466.0
-0.842,1.793,0.482,1.293,465.0
0.116,0.799,-0.335,0.415,600.0
0.998,1.43,-0.02,0.919,252.0
-0.276,2.385,0.011,0.728,498.0
0.55,0.535,0.598,0.75,226.0
0.458,-0.076,0.952,0.376,144.0
-0.133,1.666,-1.872,-0.142,127.0
-0.707,-0.384,0.806,0.954,269.0
0.511,1.39,-0.323,2.016,241.0
-1.321,1.366,-0.105,1.404,175.0
0.025,0.015,0.98,1.277,649.0
0.091,1.247,-1.894,0.91,448.0
0.506,2.447,-1.052,1.137,416.0
-1.092,1.235,-0.116,0.626,265.0
0.244,2.469,2.291,1.939,783.0
-0.495,0.173,-0.063,-0.634,171.0
0.371,0.291,-0.227,1.482,348.0
-0.309,0.759,-0.121,2.443,365.0
0.285,1.436,0.472,-0.03,213.0
-0.248,1.222,0.497,0.611,517.0
-1.069,2.639,3.375,1.033,530.0
1.249,1.464,0.441,-0.534,205.0
-0.389,1.216,0.313,1.075,176.0
-1.284,1.272,-1.317,0.261,173.0
-0.149,2.172,-0.371,1.33,409.0
0.37,-0.91,-0.882,3.098,344.0
0.707,1.96,0.497,0.286,700.0
-1.501,2.011,-0.485,0.429,208.0
-0.353,-1.901,0.088,1.6,751.0
1.532,0.932,0.744,1.322,239.0
0.702,0.951,0.265,3.437,381.0
-1.503,3.523,0.708,1.03,166.0
0.14,0.939,-0.11,1.395,431.0
1.04,4.384,0.682,2.076,1097.0
-0.81,0.644,1.12,1.838,416.0
1.457,0.659,-1.026,1.525,343.0
-0.846,1.844,0.9,1.338,498.0
-0.94,-0.816,0.932,-0.212,231.0
0.102,1.702,0.791,2.91,831.0
-0.94,2.42,-0.05,1.306,588.0
0.783,0.912,1.704,0.781,373.0
-0.39,0.44,0.307,2.197,225.0
-1.484,3.426,-0.538,2.601,263.0
-0.328,2.184,-0.146,1.048,250.0
-0.485,1.781,0.193,1.685,513.0
-2.0,0.016,-0.239,0.664,177.0
-0.357,-0.259,-0.01,0.707,596.0
-1.218,2.102,-0.547,1.19,438.0
-0.904,-0.576,-0.895,2.545,378.0
0.383,1.536,0.85,1.771,763.0
0.657,1.913,-0.704,-0.636,134.0
-1.061,1.232,-0.545,-0.788,273.0
1.266,1.03,-0.194,0.912,761.0
-0.583,1.4,-0.502,0.818,431.0
-0.22,0.463,2.279,0.474,322.0
0.311,1.21,-1.198,1.863,722.0
-0.983,1.058,0.934,0.864,167.0
-0.66,-0.732,-0.418,-0.221,278.0
0.319,1.029,1.031,-1.298,131.0
1.487,1.046,1.931,1.657,262.0
0.17,1.803,-1.845,1.624,251.0
1.134,1.614,-0.128,1.025,696.0
1.358,1.153,-0.408,0.483,333.0
-0.578,2.916,0.391,1.47,249.0
1.161,0.675,-0.177,2.2,467.0
0.093,1.182,-0.524,-0.229,411.0
-0.522,0.36,0.78,0.306,370.0
-0.3,0.199,-0.58,0.682,482.0
-0.52,1.148,0.333,0.306,147.0
-1.921,1.393,-0.999,1.7,179.0
0.389,2.476,-0.352,1.418,796.0
0.292,0.582,0.276,1.167,638.0
-0.554,2.336,0.572,1.314,623.0
-0.381,2.039,0.596,1.11,547.0
1.386,0.316,-0.952,-0.084,292.0
-0.146,0.824,-0.707,0.667,230.0
0.141,1.538,-0.04,2.655,353.0
-0.966,1.81,1.11,0.208,335.0
1.016,1.039,1.089,0.387,873.0
-0.117,-0.459,-0.343,1.157,620.0
-0.08,2.213,-1.013,1.087,180.0
-0.13,1.301,-1.012,1.034,287.0
-0.215,0.701,1.445,1.622,229.0
-0.796,2.17,0.353,3.487,245.0
0.068,1.556,-0.475,1.694,513.0
-0.765,0.813,0.449,0.338,131.0
2.289,1.651,-0.277,1.075,383.0
0.303,-0.16,-2.262,0.374,195.0
0.112,1.548,-0.216,0.929,246.0
0.688,1.636,-0.338,1.917,764.0
-1.178,1.03,0.052,2.483,234.0
0.561,1.586,1.751,1.926,577.0
0.213,1.273,-1.015,1.36,593.0
1.157,2.834,0.633,2.615,847.0
-0.432,1.051,1.505,2.127,714.0
1.084,0.32,-0.09,0.007,285.0
3.127,0.879,0.328,2.423,287.0
-0.938,1.334,-0.636,0.741,165.0
-1.517,-0.141,-0.966,-0.974,97.0
-0.531,1.467,0.036,1.0,682.0
0.269,2.56,-0.598,-0.639,368.0
-0.378,0.821,1.511,0.662,474.0
0.663,0.354,1.055,-0.484,310.0
-0.892,1.893,-0.716,-0.257,235.0
-0.762,0.775,-1.595,0.707,279.0
1.272,0.41,-0.95,0.118,824.0
-1.787,2.24,-1.633,2.047,152.0
1.051,0.305,1.53,1.374,661.0
-0.41,1.15,-0.103,1.093,507.0
1.155,2.545,0.135,1.27,925.0
1.278,2.26,-0.649,2.637,809.0
-0.491,-0.124,0.606,0.758,693.0
1.142,2.856,0.197,1.344,780.0
0.297,1.168,-0.072,0.809,443.0
-0.782,1.61,-1.186,1.81,320.0
-0.848,1.389,-1.114,1.193,561.0
0.488,0.619,-0.16,-0.034,153.0
0.289,-1.132,-1.343,-0.642,340.0
-2.0,0.739,0.502,0.784,153.0
0.684,1.54,-1.093,3.295,430.0
0.282,-0.226,0.057,1.706,573.0
0.8,1.629,0.381,-0.074,792.0
1.031,2.89,1.075,0.449,1022.0
1.433,1.634,-1.413,0.716,889.0
0.912,0.121,-1.192,2.109,314.0
0.612,1.659,1.092,-0.635,446.0
-0.418,-0.963,-1.182,0.781,397.0
0.663,1.612,-1.002,-0.36,751.0
0.382,-0.424,0.56,1.595,506.0
-0.299,-0.034,0.697,1.884,902.0
0.065,-0.865,0.281,1.024,482.0
-1.048,-0.117,2.115,2.096,345.0
0.248,2.244,-1.421,0.623,627.0
0.206,3.162,0.179,2.132,1057.0
-0.247,-0.039,-0.214,1.323,470.0
-0.12,2.973,-0.277,0.407,349.0
-0.426,1.713,-0.098,0.921,351.0
-0.165,1.002,-1.338,0.558,757.0
-0.876,0.359,2.022,1.331,212.0
-1.965,2.334,-1.444,1.041,148.0
-2.0,0.513,0.589,-0.329,77.0
0.389,-0.879,0.416,0.871,836.0
0.99,3.115,0.507,1.262,964.0
2.711,1.067,0.835,1.407,563.0
1.239,0.241,-0.8,-0.114,800.0
-1.21,0.507,-1.263,1.171,203.0
-0.128,-0.492,-0.215,1.438,233.0
-0.699,0.969,0.935,0.57,512.0
-0.114,0.943,0.566,2.053,503.0
0.548,1.448,-1.627,2.281,658.0
1.582,1.114,0.544,0.51,344.0
0.208,1.811,-1.367,0.196,427.0
0.461,0.843,0.018,1.306,360.0
-1.75,0.273,-0.161,0.703,157.0
0.216,1.119,0.232,1.646,338.0
-2.0,0.392,-0.462,1.425,180.0
-0.24,0.245,-0.553,0.374,654.0
-0.797,0.05,0.899,1.002,215.0
0.133,1.969,-0.649,1.474,703.0
-1.011,-0.215,0.374,0.673,514.0
-0.479,1.329,0.546,2.493,630.0
-1.456,0.657,-0.341,1.991,371.0
0.109,-0.103,-0.489,3.155,926.0
1.501,0.588,-0.824,3.139,352.0
0.502,2.114,0.746,-0.012,116.0
-2.0,0.68,1.784,0.38,150.0
-0.7,1.054,-0.605,0.585,216.0
1.354,0.66,-0.896,1.508,406.0
-1.247,1.341,-1.895,1.502,443.0
-0.275,0.611,1.164,1.79,1117.0
-0.848,1.146,0.313,0.623,212.0
0.162,2.552,-1.16,1.494,895.0
1.917,0.266,-0.636,-0.182,213.0
-1.94,0.927,0.193,2.168,179.0
0.339,2.156,0.424,-0.002,539.0
-0.357,3.724,-0.637,0.291,531.0
1.382,1.885,0.872,0.872,257.0
0.33,-0.485,0.291,0.673,369.0
0.551,1.936,1.984,2.071,1110.0
0.775,1.892,0.939,2.904,926.0
0.062,1.606,-0.732,2.639,233.0
0.932,1.117,2.404,1.965,252.0
1.37,1.391,-0.199,1.331,568.0
-1.32,1.049,-1.492,1.012,259.0
-0.22,-0.221,0.441,1.697,735.0
-0.844,0.958,0.596,0.102,173.0
0.163,2.794,1.819,-0.736,389.0
-1.009,1.593,-0.358,1.673,512.0
1.803,1.237,1.057,1.361,866.0
1.134,0.619,-1.027,1.619,431.0
0.639,0.568,-1.684,1.405,546.0
-1.486,0.681,-0.986,-0.056,290.0
0.442,0.702,-0.741,0.718,694.0
1.591,-0.963,1.486,1.974,669.0
0.656,0.278,-0.103,1.333,451.0
0.114,0.817,-0.598,3.462,236.0
0.533,0.215,0.808,1.599,247.0
0.47,0.933,0.068,1.801,243.0
0.134,1.24,-0.876,-0.415,426.0
0.123,1.747,-0.135,0.702,229.0
-0.726,1.083,-1.858,0.382,271.0
-1.396,1.435,0.807,-0.23,86.0
0.548,0.112,-0.003,0.922,247.0
0.246,-0.897,0.029,1.734,484.0
-0.039,1.706,-0.138,-1.538,111.0
-0.342,1.185,0.736,0.69,540.0
-1.344,1.38,-0.164,0.649,181.0
-0.96,0.968,0.17,0.898,209.0
0.953,1.187,0.728,1.199,595.0
0.392,1.763,0.809,1.613,240.0
0.896,-0.291,-0.019,0.038,443.0
0.316,0.5,-0.742,0.08,263.0
2.042,1.212,-0.422,2.329,453.0
-0.255,-0.182,-0.101,-0.578,292.0
-0.512,1.806,-0.389,1.264,337.0
-1.047,1.117,-0.571,0.579,148.0
0.018,0.748,0.304,1.055,523.0
-0.19,1.742,1.181,1.653,227.0
-0.911,1.367,0.352,0.652,443.0
-0.725,2.001,-0.492,2.102,725.0
0.921,1.293,-0.959,3.28,251.0
-2.0,1.996,-0.094,0.432,116.0
-0.257,1.852,0.992,0.774,700.0
-0.283,0.87,-0.034,0.433,252.0
0.301,0.886,-0.443,2.744,432.0
0.835,-0.094,1.295,0.428,362.0
0.339,-0.032,0.188,0.057,470.0
1.294,0.481,0.564,0.419,503.0
-1.154,2.555,0.656,0.767,407.0
0.185,1.643,0.229,1.536,359.0
0.206,0.596,-0.092,3.184,669.0
-1.165,0.928,-0.547,1.28,344.0
1.912,0.785,-0.589,1.688,268.0
-0.088,0.205,-0.433,0.204,377.0
1.666,-0.477,-0.51,0.324,219.0
-0.832,0.85,-0.904,0.881,457.0
0.964,2.447,-0.931,1.895,468.0
0.657,0.951,-1.599,0.888,290.0
-2.0,2.926,-1.997,1.618,176.0
-1.475,0.254,0.925,1.107,273.0
-0.079,0.044,-0.9,1.859,458.0
1.275,2.501,0.916,-0.199,508.0
-0.022,2.393,0.471,0.456,529.0
0.529,2.237,0.059,1.226,909.0
0.739,2.558,-0.428,1.516,778.0
0.167,0.423,0.042,1.582,518.0
-0.004,1.133,0.14,0.04,368.0
0.133,-0.802,-0.432,0.185,364.0
0.208,1.653,-0.66,0.256,466.0
-0.851,1.411,-0.734,2.083,296.0
1.726,1.876,1.224,1.208,361.0
0.168,-0.153,-0.375,1.247,489.0
-1.662,1.655,0.599,0.487,405.0
1.045,1.523,-0.049,2.906,253.0
0.378,1.38,-0.825,2.516,648.0
-2.0,1.386,0.181,0.529,111.0
-1.146,1.137,-0.994,1.75,459.0
0.033,1.824,-0.999,2.283,329.0
0.98,-0.208,-1.1,0.32,444.0
-0.267,1.965,-0.169,-0.609,241.0
0.912,2.028,0.437,2.577,834.0
-0.145,-0.0,0.234,0.542,342.0
1.681,2.706,-0.004,1.995,1140.0
0.215,1.586,-0.341,0.634,289.0
0.592,1.666,-0.63,1.814,634.0
-0.599,-0.205,0.086,-0.326,213.0
0.402,-0.914,-0.545,0.993,500.0
-0.751,0.877,-0.939,3.104,606.0
-0.934,0.077,-0.659,-0.165,212.0
-0.51,2.719,-0.344,0.351,625.0
-0.609,-0.614,1.054,1.73,660.0
-0.415,-0.514,0.555,0.07,188.0
-2.0,2.762,-0.836,1.738,144.0
-1.358,0.055,1.139,2.326,198.0
-1.365,1.698,-0.373,0.88,183.0
-0.144,0.719,-1.017,0.236,581.0
-0.073,0.342,-1.336,1.435,677.0
1.125,3.538,-0.646,2.081,892.0
0.772,1.82,1.125,1.575,791.0
0.349,1.077,-1.063,0.63,632.0
0.337,1.151,-0.217,-1.415,80.0
0.308,1.92,0.93,1.723,375.0
1.116,1.353,-1.05,2.599,426.0
-1.062,0.526,-1.359,1.549,404.0
-0.081,0.982,0.125,1.926,576.0
1.102,-0.979,-0.477,2.362,362.0
-0.79,0.801,1.143,1.917,278.0
-1.078,0.546,0.074,2.489,364.0
-0.45,0.384,-0.765,-1.461,129.0
-1.646,1.889,-0.726,-0.885,65.0
-1.987,1.624,-1.929,1.883,177.0
1.709,1.489,-0.777,1.89,659.0
-0.329,1.545,-0.618,0.559,509.0
0.018,2.693,-1.66,-0.348,365.0
1.427,1.912,0.349,2.922,1054.0
0.526,0.49,-1.898,0.384,240.0
-1.367,0.234,-1.269,1.425,198.0
-1.882,1.673,0.212,0.819,155.0
-0.661,1.835,-0.063,2.046,303.0
-0.815,0.601,0.547,2.099,328.0
-1.171,0.785,0.668,0.865,243.0
0.494,0.935,0.436,0.634,781.0
2.425,1.646,0.847,1.419,494.0
-0.092,2.45,-0.23,0.757,950.0
3.087,1.154,-0.002,2.59,285.0
-1.159,0.859,-1.712,1.658,404.0
-1.98,3.154,0.11,0.153,165.0
1.055,0.15,-0.411,0.075,188.0
-0.652,2.4,-0.647,1.783,771.0
-1.714,0.065,-0.164,1.868,187.0
0.515,0.143,-0.135,0.746,594.0
-0.48,1.41,0.271,0.229,311.0
0.956,1.105,0.136,2.246,261.0
1.606,2.856,-0.02,1.441,570.0
0.634,0.861,-0.593,0.855,655.0
1.58,2.358,0.44,0.129,805.0
-2.0,-1.031,-1.412,-0.359,147.0
0.06,2.049,1.147,-1.136,176.0
0.541,0.21,0.544,0.588,713.0
-1.7,0.153,-0.373,0.716,177.0
-0.708,1.247,-1.385,-0.43,214.0
0.142,-0.133,1.243,2.633,239.0
0.495,1.159,-0.75,0.789,766.0
-1.101,-1.507,0.215,0.469,208.0
0.201,0.2,0.788,0.429,195.0
0.164,-0.96,1.762,1.849,566.0
-0.942,1.274,-0.669,0.009,236.0
-1.481,-0.653,1.212,0.068,167.0
0.538,0.471,-1.933,1.27,323.0
0.683,-0.747,0.081,1.502,252.0
-1.045,-0.098,1.066,3.782,345.0
0.314,1.765,-0.415,1.212,648.0
-0.84,-0.01,1.897,1.685,459.0
-0.971,2.631,1.134,1.265,253.0
1.226,0.836,-1.58,2.427,482.0
-1.025,1.937,0.302,0.829,227.0
-0.26,0.245,-0.129,0.476,600.0
0.024,0.5,-1.308,0.668,555.0
-1.464,3.059,0.037,1.053,239.0
-0.227,3.761,0.205,2.531,736.0
0.748,3.032,-0.313,-1.095,89.0
-0.3,1.346,-1.756,1.899,226.0
0.924,0.11,-0.073,2.131,694.0
-0.14,-0.387,0.421,0.182,280.0
1.109,-1.923,-1.016,-1.34,175.0
-0.669,1.508,1.209,1.95,216.0
0.101,0.709,0.19,-0.269,456.0
-0.103,-0.482,0.612,1.642,372.0
0.763,2.792,0.567,0.311,855.0
0.515,0.164,1.609,1.301,472.0
-0.005,1.723,0.531,0.761,648.0
-0.978,1.212,-1.129,0.426,390.0
-0.719,2.511,0.89,1.409,263.0
1.269,1.293,-1.024,2.329,428.0
0.674,1.55,0.383,1.294,515.0
-1.532,2.253,1.125,1.12,192.0
0.318,-0.718,-0.091,1.757,535.0
0.302,0.594,0.915,3.646,788.0
2.571,0.296,1.676,2.324,987.0
-0.97,0.82,1.439,1.184,224.0
0.784,1.73,-0.438,2.615,450.0
0.953,-0.932,-0.034,0.512,561.0
-0.364,1.732,2.651,1.374,224.0
-1.503,1.063,0.728,0.43,193.0
1.105,-0.844,0.324,1.428,261.0
-0.728,-0.426,-0.236,1.349,535.0
-0.659,0.62,0.53,1.65,301.0
-0.25,2.147,-0.127,1.034,465.0
-0.049,1.7,-0.572,0.594,652.0
-0.311,0.186,0.306,0.349,394.0
-0.346,1.277,-0.534,2.358,553.0
0.047,0.878,1.093,0.116,137.0
-1.884,-0.201,-0.776,1.06,181.0
0.017,0.637,1.903,2.1,234.0
-0.848,1.295,-0.81,2.685,212.0
-0.073,0.081,-0.861,0.93,376.0
0.731,0.375,0.061,-0.403,501.0
1.33,-0.029,-0.236,1.877,263.0
0.005,0.105,0.314,1.062,364.0
0.286,1.016,-2.187,3.127,239.0
-0.616,0.816,-0.087,0.226,280.0
-0.033,0.304,0.054,0.817,357.0
1.482,1.407,1.791,1.528,607.0
0.001,1.514,0.363,1.359,361.0
0.235,0.32,0.923,-1.833,79.0
-0.693,0.499,-0.345,2.35,217.0
-0.717,1.15,0.742,1.447,655.0
-1.482,3.028,-0.345,1.376,242.0
0.919,2.223,0.694,0.323,550.0
1.143,1.541,-0.142,1.34,449.0
1.018,0.303,-0.389,0.252,512.0
0.761,1.209,-0.055,2.779,770.0
-1.558,1.076,-0.932,-1.139,63.0
-1.892,1.333,-0.399,2.078,180.0
0.466,0.185,-0.769,1.836,515.0
-1.387,2.42,0.755,-0.853,83.0
-0.732,1.16,0.72,3.069,215.0
-1.298,0.961,0.436,1.602,273.0
-2.0,1.81,1.961,3.299,176.0
-0.296,1.066,-1.339,0.273,489.0
0.549,0.136,-1.006,0.486,219.0
-1.047,0.769,-0.5,1.717,254.0
2.723,0.658,0.195,1.055,965.0
-1.676,-0.657,-2.267,3.613,188.0
-0.356,-0.421,-0.084,1.493,325.0
-1.673,0.742,1.108,2.35,268.0
1.829,0.729,2.534,1.351,769.0
-0.788,1.593,0.519,0.076,124.0
-1.052,0.38,-2.333,3.1,207.0
-0.368,2.657,-0.386,1.46,881.0
1.105,1.532,-0.799,-0.447,369.0
0.526,0.695,0.653,-0.227,557.0
-0.611,1.585,-0.505,2.202,1047.0
-2.0,0.52,-2.257,1.504,193.0
0.795,1.11,0.493,1.484,921.0
1.114,2.154,-0.034,2.496,1036.0
1.025,1.054,0.498,1.437,357.0
-0.104,0.237,0.139,2.111,507.0
0.1,1.111,1.239,1.889,365.0
-1.062,0.421,0.431,1.685,207.0
0.348,-0.245,-1.102,1.82,444.0
1.123,2.701,1.041,1.021,736.0
0.968,2.558,-0.066,1.385,678.0
0.899,0.617,0.637,2.356,378.0
-0.469,2.535,1.106,-0.927,270.0
-0.539,0.359,0.981,-0.191,265.0
-1.096,2.184,0.879,2.232,260.0
0.995,0.472,1.142,2.492,524.0
1.939,-0.431,0.143,0.798,273.0
-0.552,-0.26,-1.056,0.867,294.0
0.941,1.545,1.883,1.042,974.0
-1.633,0.917,1.023,0.825,99.0
0.545,-0.771,-0.232,3.731,249.0
-1.375,0.848,-1.219,0.468,177.0
-0.137,-0.574,0.67,0.685,838.0
-0.182,1.968,-0.281,2.113,227.0
0.504,2.169,-1.094,1.47,232.0
-0.518,0.991,-0.372,1.343,239.0
0.575,2.587,0.051,2.729,1073.0
0.255,0.975,0.256,0.493,724.0
-2.0,0.336,-0.517,-0.255,91.0
-0.381,0.735,0.594,1.421,889.0
0.872,2.173,-0.091,1.523,553.0
1.182,2.008,-0.56,2.224,571.0
0.345,1.398,-0.055,1.439,240.0
1.828,2.235,-1.484,0.039,390.0
-0.335,1.407,-0.659,0.215,242.0
0.272,2.524,-0.527,0.98,560.0
-1.221,1.928,0.346,1.115,370.0
0.06,1.07,0.08,0.819,456.0
0.488,-0.34,1.051,0.949,363.0
-0.681,1.137,0.234,0.374,521.0
0.575,0.96,0.859,2.083,645.0
0.079,-0.052,1.381,0.024,238.0
-1.151,1.882,0.324,1.411,203.0
-1.139,1.111,-1.148,0.269,105.0
-0.687,2.041,-0.856,1.087,297.0
0.218,0.764,1.177,0.136,187.0
0.428,1.063,0.908,0.76,654.0
-0.981,1.186,1.809,-0.0,434.0
1.417,1.97,0.929,2.271,655.0
-1.334,0.766,-0.153,2.603,265.0
0.455,0.443,0.364,0.785,720.0
-0.015,2.009,-0.979,2.067,309.0
-0.017,2.558,-0.413,0.831,537.0
1.211,1.012,-1.466,0.933,313.0
-0.151,2.319,-1.547,0.46,175.0
-0.616,-0.028,1.006,2.976,329.0
-1.648,1.865,0.974,2.404,188.0
-1.665,0.828,-0.136,0.714,137.0
0.501,-0.178,0.683,1.567,247.0
-0.137,0.442,1.668,0.237,282.0
0.553,1.3,-1.225,0.401,218.0
0.064,0.389,2.404,0.801,215.0
-0.525,-0.043,-1.41,0.039,367.0
-0.252,1.093,0.948,1.193,227.0
-0.629,1.381,-0.267,0.494,461.0
0.797,2.155,-0.972,1.717,919.0
1.165,2.36,0.117,1.604,850.0
1.219,2.329,0.735,1.904,830.0
0.39,2.016,-1.196,1.272,753.0
0.467,0.792,0.887,1.621,379.0
1.63,1.311,-1.037,2.311,819.0
-0.021,0.482,0.888,1.598,754.0
0.27,0.814,0.279,2.066,592.0
-0.469,2.612,0.363,1.231,646.0
-1.524,-0.029,2.232,1.025,193.0
-1.181,2.22,0.083,0.289,350.0
-0.393,1.172,0.655,1.172,574.0
-1.831,0.069,-0.734,2.058,183.0
0.599,2.73,-0.245,0.315,509.0
0.375,0.562,-0.01,1.112,242.0
0.841,2.021,0.06,0.713,447.0
-1.507,-0.051,0.602,0.39,121.0
0.002,1.494,-0.27,1.401,175.0
0.64,0.858,0.097,0.222,514.0
1.3,0.879,-1.116,1.536,387.0
-1.322,-0.07,1.138,0.417,183.0
-0.444,0.829,-0.005,1.247,504.0
1.27,2.107,1.053,0.931,324.0
0.298,1.151,0.205,3.423,239.0
-1.467,0.069,0.525,0.066,218.0
0.013,1.892,0.112,1.045,701.0
-0.489,-0.386,1.455,-1.097,124.0
-0.48,3.005,0.878,-0.455,177.0
0.612,0.366,0.124,1.152,248.0
0.821,2.619,-0.776,2.021,672.0
-0.813,1.842,-1.607,-0.155,223.0
-1.219,3.126,-0.724,2.831,537.0
0.614,1.985,-2.333,-0.98,172.0
0.391,1.965,-0.601,1.287,721.0
0.597,1.62,-1.393,-0.613,102.0
-0.579,0.808,0.66,2.446,841.0
-0.403,0.445,-1.523,0.005,442.0
0.676,2.114,0.478,0.676,282.0
1.804,0.153,-1.134,0.636,321.0
1.153,0.968,-0.654,0.796,593.0
0.424,0.612,0.129,0.382,311.0
-0.557,2.35,0.416,0.612,601.0
0.709,1.604,0.153,-0.796,91.0
0.367,-0.16,-0.286,-0.444,334.0
-0.214,1.948,0.029,-0.114,170.0
-0.346,1.246,1.868,1.674,396.0
-0.026,0.527,0.069,1.111,368.0
-0.27,2.448,0.971,0.23,529.0
-2.0,1.058,-1.059,1.204,177.0
-0.004,0.396,-0.418,1.461,234.0
1.547,1.864,0.557,1.039,775.0
2.439,0.358,1.324,-0.161,168.0
0.106,1.753,0.132,1.316,484.0
-1.798,-0.025,3.203,-0.709,120.0
0.295,0.084,1.164,0.061,258.0
-0.474,1.024,2.781,1.031,222.0
-0.559,1.164,2.567,0.001,135.0
0.314,-2.019,0.308,-0.154,246.0
-0.174,1.444,0.021,0.224,215.0
-1.226,-0.101,-2.211,-0.072,237.0
0.383,1.383,0.394,1.211,559.0
0.156,1.235,-0.371,1.087,211.0
-2.0,2.383,1.694,1.055,165.0
-1.042,0.478,-0.276,-0.159,286.0
-0.144,2.116,-0.951,0.764,727.0
1.029,1.858,0.256,2.014,251.0
-0.588,0.756,-0.766,1.773,330.0
0.068,1.106,0.653,-1.357,177.0
0.891,0.859,0.832,1.84,381.0
-0.375,1.263,0.983,1.739,328.0
-0.36,0.052,0.64,0.457,447.0
1.433,2.494,-1.016,1.597,839.0
3.14,-0.761,1.545,1.092,428.0
0.29,2.062,-0.701,0.408,706.0
-0.509,1.765,-0.498,0.277,158.0
0.511,1.778,-1.102,0.338,428.0
-1.275,2.07,-1.563,1.571,334.0
1.07,0.856,1.054,0.723,181.0
1.405,0.783,0.271,1.216,261.0
0.665,0.771,-0.208,1.1,357.0
0.176,2.126,-1.034,-0.081,249.0
-0.479,0.376,-0.716,1.343,220.0
1.175,1.735,1.467,1.851,634.0
0.651,1.016,0.229,1.149,724.0
0.762,1.256,0.769,0.833,854.0
-0.903,1.519,0.479,0.889,625.0
-0.019,0.776,-0.378,0.965,346.0
0.505,-0.427,0.87,1.638,680.0
1.195,-0.015,-0.277,1.258,528.0
0.087,0.713,0.907,2.246,519.0
-1.214,2.487,0.119,-0.561,166.0
-0.828,2.295,0.263,3.129,350.0
0.45,3.154,0.783,2.141,595.0
-1.153,-0.5,0.143,1.37,205.0
0.781,0.6,-0.499,2.033,1026.0
-1.392,0.715,0.362,-1.161,69.0
0.97,1.252,-1.49,-0.686,138.0
-0.642,2.819,0.977,-0.361,276.0
0.937,0.744,0.417,0.516,357.0
-0.748,1.731,-0.78,2.78,348.0
0.516,1.55,0.1,-0.45,146.0
0.561,0.805,-0.119,1.441,484.0
0.503,3.106,0.774,1.707,1116.0
-0.479,1.33,0.41,3.83,359.0
3.37,0.569,-0.472,0.92,291.0
1.978,2.339,-1.981,0.706,612.0
0.854,1.953,0.419,1.433,555.0
0.875,1.747,1.16,1.584,249.0
-0.316,-0.904,0.009,-0.074,205.0
-0.366,1.066,-0.251,-0.252,247.0
0.619,1.495,0.933,1.282,631.0
1.056,2.387,0.943,1.754,597.0
0.386,0.223,0.796,1.198,243.0
-0.647,2.548,0.072,0.509,298.0
-0.118,3.359,-2.305,2.782,731.0
0.174,0.283,0.561,0.649,239.0
-0.705,1.984,1.08,1.758,307.0
1.137,1.398,-0.31,2.287,669.0
0.811,1.226,0.719,0.894,249.0
-0.988,0.21,-2.154,1.757,209.0
-0.03,0.959,-0.143,0.362,172.0
0.983,0.41,-0.482,0.247,536.0
-0.272,-1.103,1.08,-0.092,344.0
0.946,2.078,0.811,0.082,758.0
1.506,1.476,0.401,-0.191,509.0
0.898,0.497,-0.444,1.247,883.0
-0.765,2.868,0.136,-0.369,280.0
0.187,-0.053,-0.123,0.476,430.0
-0.694,0.77,2.452,0.745,517.0
2.963,-0.831,0.767,0.285,485.0
0.279,0.109,1.01,2.314,525.0
0.812,0.778,-0.16,0.867,251.0
-0.714,1.465,-0.328,0.61,338.0
0.785,1.0,0.46,2.009,607.0
-0.182,0.535,-0.045,0.744,705.0
0.531,0.762,0.704,0.837,1016.0
1.223,1.503,0.361,0.039,502.0
-0.08,0.252,1.013,0.472,363.0
-0.158,2.263,0.399,0.903,171.0
0.292,1.395,0.124,1.612,353.0
-0.649,1.753,0.448,0.949,642.0
-0.893,2.983,-0.797,1.277,522.0
-0.769,0.638,-1.203,1.387,269.0
0.621,0.377,-0.172,1.403,522.0
-0.093,1.635,0.464,1.103,643.0
-0.415,1.061,-1.39,2.175,288.0
-0.413,1.858,-0.52,1.547,590.0
-0.68,0.248,-0.177,-0.165,258.0
0.407,0.57,1.73,0.424,844.0
-0.401,1.404,1.019,1.397,359.0
0.099,-0.335,-0.494,1.136,238.0
-0.417,3.535,0.58,-1.123,285.0
-0.137,1.257,-0.707,2.243,335.0
-1.486,0.9,0.207,2.059,314.0
-0.313,1.421,0.763,-0.432,556.0
-1.134,2.184,0.127,1.607,250.0
0.434,1.237,-1.042,0.873,310.0
-0.652,0.025,-0.382,-1.755,103.0
-0.415,1.122,-2.333,0.903,315.0
-2.0,0.225,1.587,1.41,177.0
-0.598,0.245,0.123,1.396,353.0
-0.617,0.497,-0.452,1.162,283.0
0.943,1.459,2.108,0.352,209.0
-0.285,1.664,-0.135,0.713,209.0
0.231,0.856,-0.098,1.268,404.0
0.591,-1.158,-1.1,0.581,526.0
-1.136,0.103,1.132,1.517,333.0
0.193,1.132,-0.498,1.609,537.0
-1.344,2.086,0.892,1.123,387.0
0.854,-0.016,0.793,2.074,554.0
0.135,0.547,0.878,1.383,209.0
-1.375,4.159,-0.651,1.998,464.0
-1.46,0.386,0.431,0.708,326.0
-1.257,0.774,0.737,0.058,115.0
0.075,1.426,-2.333,1.763,441.0
0.127,3.842,1.724,2.009,802.0
0.352,2.331,0.453,1.509,576.0
1.868,2.067,-0.364,1.386,405.0
1.833,1.871,0.422,3.709,264.0
0.241,2.191,1.221,1.602,474.0
0.405,0.292,0.814,0.445,361.0
1.108,1.276,-1.176,1.391,447.0
1.21,-0.2,0.768,1.954,390.0
-1.128,0.133,-1.093,1.121,187.0
1.721,2.504,0.756,2.82,1173.0
1.395,0.616,0.357,0.242,446.0
0.084,2.483,0.044,0.229,596.0
-0.401,-0.686,0.46,0.752,335.0
-0.472,1.313,-1.016,3.208,222.0
1.134,3.097,1.238,2.942,778.0
0.224,-0.093,-0.638,2.166,241.0
-0.157,1.945,0.402,0.675,399.0
-0.267,2.512,0.177,1.138,758.0
-0.61,1.314,-0.259,0.402,357.0
-0.325,1.292,-0.297,1.756,343.0
-2.0,0.235,0.112,-0.392,82.0
1.759,1.283,0.654,0.505,618.0
-0.12,-0.519,1.225,0.984,336.0
0.248,0.119,0.867,2.372,580.0
-1.424,1.218,0.41,1.776,276.0
-0.462,1.298,-2.051,0.646,187.0
0.375,1.937,-0.176,1.96,536.0
1.186,1.796,-0.075,1.798,436.0
0.886,0.014,0.95,0.805,445.0
0.253,2.584,-0.175,0.218,668.0
-0.944,1.691,-0.2,1.634,209.0
0.663,1.158,-2.333,1.122,316.0
-0.787,1.261,1.227,2.295,214.0
-0.06,3.346,0.18,1.22,459.0
-1.183,1.727,-1.025,0.88,306.0
0.3,2.281,-0.901,0.786,444.0
1.765,0.794,0.222,1.105,261.0
-0.261,1.608,0.39,-0.974,87.0
1.37,1.062,0.256,1.695,569.0
-0.479,2.082,1.022,1.025,309.0
-0.556,1.986,0.109,0.503,321.0
-0.49,1.323,-1.483,0.29,352.0
0.425,1.008,0.245,1.813,815.0
-1.435,0.636,-0.625,0.837,409.0
0.302,0.208,-2.061,0.841,301.0
0.35,0.4,-0.666,1.923,511.0
1.107,1.676,-1.009,0.818,253.0
0.311,1.377,-1.062,0.53,420.0
-0.038,-0.721,1.056,1.702,570.0
0.841,0.565,-0.631,2.429,350.0
0.632,-0.236,0.502,1.412,480.0
0.885,2.59,0.089,0.38,615.0
-1.375,3.05,0.378,0.252,136.0
0.588,-1.171,-0.566,1.161,251.0
0.51,1.047,-0.29,1.394,503.0
-1.353,1.141,-1.609,0.488,232.0
0.311,-0.324,-0.448,1.149,751.0
-0.107,3.437,1.256,1.784,730.0
-0.831,1.323,3.166,2.403,523.0
1.085,0.977,-0.978,2.873,431.0
-1.583,2.318,-0.281,0.445,220.0
1.55,3.787,-1.32,1.395,836.0
-0.489,1.282,1.483,0.693,737.0
0.197,1.446,-0.951,1.284,492.0
0.222,0.823,-0.813,0.959,657.0
-1.867,1.627,-0.217,0.635,158.0
0.082,0.83,1.881,-0.434,267.0
0.989,1.304,0.388,0.841,338.0
-0.867,-0.018,0.224,-0.105,184.0
-0.521,-0.365,-1.46,1.866,362.0
2.089,0.883,-2.181,-0.457,243.0
0.655,0.602,-0.376,1.358,375.0
-2.0,0.409,0.453,2.768,177.0
0.463,-0.908,-0.534,1.222,368.0
-1.368,1.51,1.583,1.215,320.0
1.426,0.764,-0.213,-0.756,392.0
-0.333,1.355,0.452,1.567,611.0
-2.0,1.599,-1.555,1.242,176.0
-0.176,1.618,-0.739,-0.387,308.0
-0.093,0.413,0.381,0.4,389.0
-1.973,1.808,-0.637,1.044,165.0
0.016,0.262,-0.202,-1.515,117.0
-1.271,0.796,1.834,1.812,309.0
-0.165,1.023,0.406,1.225,532.0
0.399,2.449,-0.474,1.275,765.0
1.622,1.072,0.167,1.261,522.0
0.792,0.305,-0.355,0.926,705.0
-0.852,0.782,-0.742,0.137,107.0
-1.002,-0.745,-1.375,-0.441,195.0
-0.824,1.595,-0.905,0.827,398.0
1.522,-0.0,0.4,2.316,266.0
1.434,2.025,0.093,0.156,752.0
0.986,1.295,-2.333,0.85,264.0
1.118,0.379,1.769,0.657,205.0
-0.543,1.426,-1.005,1.207,478.0
-1.555,2.354,-0.069,0.812,235.0
-0.534,2.027,-0.791,2.922,786.0
-0.037,0.228,0.295,0.8,234.0
0.837,1.557,0.5,2.438,845.0
-0.206,3.333,-0.623,0.739,226.0
0.798,3.152,1.309,-0.052,755.0
-0.196,2.324,0.419,2.382,594.0
1.176,2.636,-0.534,0.291,585.0
-0.548,-0.309,-1.472,-1.043,190.0
0.987,1.066,0.079,3.346,766.0
0.116,2.629,1.611,-0.013,605.0
-0.191,1.917,-1.855,0.847,211.0
-0.774,1.052,1.008,2.015,214.0
-1.291,1.811,1.455,1.987,199.0
2.123,0.5,-0.899,-0.256,575.0
0.182,2.156,1.487,-0.372,205.0
-0.148,1.248,-0.242,1.246,380.0
0.254,1.768,1.453,2.227,826.0
0.122,2.002,0.52,0.661,213.0
-0.457,-0.763,-0.23,2.059,225.0
-0.863,1.77,1.003,1.461,590.0
-1.364,0.661,1.688,-0.081,139.0
-0.502,1.313,-0.274,2.496,221.0
-0.558,0.836,-0.611,1.221,701.0
-0.253,2.59,0.348,2.505,595.0
1.321,0.922,2.383,0.876,250.0
1.417,1.52,1.182,1.185,243.0
-0.165,-1.047,0.546,0.59,510.0
-0.233,1.652,0.099,1.346,314.0
-1.731,1.353,-1.176,1.778,186.0
-0.017,1.142,2.651,1.154,451.0
0.741,0.66,-0.395,0.07,602.0
-0.896,1.648,1.721,2.82,210.0
1.881,1.385,0.876,1.296,340.0
-1.709,3.037,0.245,-0.587,88.0
0.434,1.546,0.875,0.338,360.0
-0.291,2.427,-0.677,1.399,647.0
-0.201,0.704,0.917,1.688,617.0
-0.835,-0.547,0.208,-0.124,486.0
-0.752,2.355,-0.238,-0.291,528.0
0.196,1.852,0.473,0.652,675.0
0.543,0.864,-1.112,1.225,505.0
1.539,0.977,-0.395,0.857,654.0
-0.012,2.929,-1.241,1.167,645.0
-1.167,0.958,0.202,-0.224,178.0
-0.377,1.161,1.265,2.085,217.0
1.5,1.119,-1.051,1.975,428.0
-0.292,2.009,-1.192,0.796,182.0
1.238,0.859,-0.123,2.394,586.0
-0.296,-0.465,-0.715,2.927,653.0
-1.155,1.064,0.117,1.446,204.0
-0.643,-0.416,-1.401,1.392,460.0
-0.759,1.503,0.041,2.801,343.0
-0.533,2.612,1.56,1.506,481.0
0.445,2.994,0.502,2.447,755.0
-1.005,1.027,-1.682,0.417,232.0
-0.056,0.064,0.605,0.482,335.0
-0.509,-1.055,1.682,0.65,627.0
1.532,1.028,0.421,1.375,611.0
-0.461,1.256,-0.712,0.84,746.0
-0.081,0.526,0.224,2.173,360.0
-0.35,-0.353,0.673,0.662,227.0
-2.0,1.198,1.328,1.148,177.0
-1.365,0.152,0.343,2.246,198.0
1.644,0.564,0.464,1.447,629.0
0.27,-1.082,-0.246,0.445,244.0
-1.442,2.365,-0.436,1.503,302.0
0.172,-0.427,1.266,0.883,240.0
-2.0,0.176,-0.896,2.02,177.0
0.722,1.521,0.688,0.889,309.0
1.626,1.399,0.745,0.951,449.0
1.113,2.125,0.751,1.813,463.0
0.974,0.19,0.171,0.961,255.0
0.628,2.575,1.802,0.569,704.0
0.193,0.897,-1.261,2.033,238.0
-0.393,0.987,0.071,1.327,529.0
0.445,0.363,0.128,0.132,262.0
0.022,2.423,-1.153,1.698,399.0
1.377,0.378,0.193,-0.294,415.0
0.569,1.388,1.601,0.113,311.0
-0.723,1.194,-0.682,1.64,279.0
-1.675,0.674,-0.339,0.078,125.0
0.731,0.836,-1.741,0.543,666.0
-1.139,1.829,0.146,2.006,203.0
-0.612,2.773,-1.321,0.558,252.0
-1.05,1.565,-2.14,0.524,167.0
0.058,0.787,1.331,1.667,387.0
-0.557,-2.011,1.783,-0.023,224.0
0.529,-0.891,-0.494,0.046,325.0
0.292,1.694,1.094,0.155,160.0
0.484,0.744,-1.185,0.492,523.0
1.0,0.042,-0.56,1.079,323.0
-0.155,0.978,1.165,1.568,544.0
1.182,0.162,0.255,0.17,385.0
1.039,-1.394,0.59,0.521,386.0
-1.424,1.325,0.196,0.513,168.0
-0.108,1.213,0.213,2.016,617.0
-1.342,0.024,1.154,-0.896,107.0
-0.84,0.561,-0.4,0.252,193.0
-2.0,2.442,0.533,1.544,176.0
-1.312,0.561,0.853,1.801,332.0
-1.326,1.171,0.251,1.857,199.0
-1.809,0.98,0.909,0.509,183.0
-0.673,2.422,-0.916,1.451,215.0
0.548,0.805,-1.094,1.716,439.0
0.754,0.754,-0.731,1.704,510.0
-0.062,0.387,-1.186,0.931,607.0
-0.104,1.161,-0.895,0.676,580.0
-1.236,0.791,-0.632,1.277,202.0
-0.054,1.891,0.326,-0.808,355.0
-1.223,1.818,0.159,1.005,201.0
-2.0,1.883,0.744,1.193,176.0
-1.864,0.288,-1.168,1.303,211.0
0.231,0.314,-0.81,0.671,566.0
-0.553,1.354,-1.121,-0.12,189.0
-1.072,1.711,0.334,2.179,472.0
-1.045,0.024,0.91,0.089,404.0
1.034,2.554,0.401,0.705,633.0
-0.352,0.205,0.461,-0.281,357.0
0.809,0.334,-1.123,0.719,325.0
-1.068,2.128,1.493,1.656,383.0
0.592,0.311,1.915,0.476,235.0
0.453,-0.142,0.384,1.245,418.0
0.73,0.662,0.47,-0.844,151.0
-1.008,0.58,3.041,-1.404,64.0
-0.224,1.168,0.574,1.995,855.0
2.78,1.979,0.721,0.626,1037.0
-0.327,1.25,1.28,1.961,225.0
-0.264,2.148,-0.051,-0.007,534.0
0.844,0.953,0.156,1.367,251.0
-1.36,0.578,-0.353,1.259,343.0
1.139,3.6,0.321,2.043,974.0
-0.712,-0.411,-0.632,-0.229,379.0
0.673,1.659,-0.126,1.591,632.0
-1.991,-0.699,0.371,0.678,177.0
0.621,-0.375,0.13,-1.014,163.0
-0.667,0.666,0.311,0.613,554.0
2.09,0.511,-0.757,2.111,419.0
1.571,2.321,-0.641,1.323,348.0
1.281,2.679,-0.644,1.317,755.0
-0.941,2.092,0.843,-0.459,222.0
0.219,3.098,0.422,0.264,141.0
-0.082,2.588,0.232,-0.568,82.0
-1.093,-0.618,1.467,1.015,207.0
1.903,0.465,-0.842,0.898,318.0
0.097,2.822,-0.806,1.026,309.0
0.416,0.567,1.055,0.631,408.0
-1.0,2.345,1.168,1.316,207.0
-1.757,1.146,0.029,0.605,153.0
-0.463,0.098,-1.55,0.757,249.0
1.032,0.614,-0.578,1.151,588.0
1.972,0.855,-1.01,1.022,632.0
-0.547,-0.314,-0.194,-0.169,165.0
-0.051,0.597,0.144,0.09,205.0
-1.756,-0.167,-1.112,2.032,185.0
0.353,1.8,-0.604,0.133,118.0
-0.211,2.642,-1.924,0.04,576.0
-0.469,-0.414,2.797,-0.076,130.0
0.304,0.509,-1.132,0.803,582.0
-0.577,-0.264,-0.6,1.092,584.0
0.11,1.741,-0.668,1.044,468.0
-1.614,-0.168,-0.128,0.094,148.0
1.149,1.653,0.291,1.948,738.0
-0.671,3.033,-0.22,2.344,548.0
0.729,2.013,-0.877,0.749,361.0
0.081,-0.208,-0.689,0.869,309.0
0.677,0.917,-0.424,1.75,443.0
-1.411,0.222,-0.32,0.596,169.0
-0.982,1.013,0.87,0.565,559.0
1.416,2.829,1.919,0.995,751.0
0.08,1.095,1.252,1.781,380.0
0.832,0.01,1.232,2.732,231.0
1.088,-0.653,-0.294,-0.101,138.0
-0.064,0.488,-0.055,1.448,744.0
-1.094,0.62,-0.208,-0.988,252.0
-1.166,0.42,0.675,-0.244,129.0
-1.039,0.858,-0.168,1.475,207.0
0.407,3.256,-0.19,0.031,690.0
-0.315,-0.492,-0.658,-0.377,370.0
-1.033,0.432,0.22,-0.736,106.0
-1.141,1.54,-0.82,0.053,155.0
1.108,1.737,0.389,1.472,452.0
-0.622,1.082,-1.455,1.413,378.0
-0.218,-0.2,-2.333,-0.485,124.0
0.957,1.073,1.163,-0.228,654.0
-0.04,1.203,0.263,-0.733,288.0
